crop,date,modal_price
Wheat,2020-01-01,1802.4835707650561
Wheat,2020-01-02,1801.7922492592002
Wheat,2020-01-03,1805.0306919497036
Wheat,2020-01-04,1812.6458412317438
Wheat,2020-01-05,1811.4750743581271
Wheat,2020-01-06,1810.3043895733813
Wheat,2020-01-07,1818.2004536509182
Wheat,2020-01-08,1822.0376272966828
Wheat,2020-01-09,1819.690255367008
Wheat,2020-01-10,1822.4030555849379
Wheat,2020-01-11,1820.0859671208755
Wheat,2020-01-12,1817.7573183530242
Wheat,2020-01-13,1818.9671297108544
Wheat,2020-01-14,1809.4007284875654
Wheat,2020-01-15,1800.7761393250003
Wheat,2020-01-16,1797.9647016787953
Wheat,2020-01-17,1792.9005460771232
Wheat,2020-01-18,1794.4717827400996
Wheat,2020-01-19,1789.9316623624936
Wheat,2020-01-20,1782.870143855817
Wheat,2020-01-21,1790.198387700425
Wheat,2020-01-22,1789.0695061979923
Wheat,2020-01-23,1789.4071472214318
Wheat,2020-01-24,1782.2834062903646
Wheat,2020-01-25,1779.5614926677385
Wheat,2020-01-26,1780.116105616288
Wheat,2020-01-27,1774.3611377291763
Wheat,2020-01-28,1776.2396278209048
Wheat,2020-01-29,1773.2364343713107
Wheat,2020-01-30,1771.7779656223445
Wheat,2020-01-31,1768.7694325611974
Wheat,2020-02-01,1778.030823483742
Wheat,2020-02-02,1777.9633373600525
Wheat,2020-02-03,1772.6747827152728
Wheat,2020-02-04,1776.7875072757888
Wheat,2020-02-05,1770.6832890259338
Wheat,2020-02-06,1771.7276070009575
Wheat,2020-02-07,1761.9292563815586
Wheat,2020-02-08,1755.2883261370664
Wheat,2020-02-09,1756.272632316412
Wheat,2020-02-10,1759.9649652163891
Wheat,2020-02-11,1760.821806622339
Wheat,2020-02-12,1760.2435652103977
Wheat,2020-02-13,1758.7380467324513
Wheat,2020-02-14,1751.3454367806141
Wheat,2020-02-15,1747.7462157386408
Wheat,2020-02-16,1745.4430218838418
Wheat,2020-02-17,1750.7286330149363
Wheat,2020-02-18,1752.4467244627785
Wheat,2020-02-19,1743.631523685965
Wheat,2020-02-20,1745.2519435329389
Wheat,2020-02-21,1743.3265321308575
Wheat,2020-02-22,1739.9419221293276
Wheat,2020-02-23,1743.000303573532
Wheat,2020-02-24,1748.1553011860117
Wheat,2020-02-25,1752.8117017815925
Wheat,2020-02-26,1748.6156141654794
Wheat,2020-02-27,1747.0695522862234
Wheat,2020-02-28,1748.7258694432412
Wheat,2020-02-29,1753.603595078853
Wheat,2020-03-01,1751.2077238896265
Wheat,2020-03-02,1750.2794290063075
Wheat,2020-03-03,1744.7477541362773
Wheat,2020-03-04,1738.766721015874
Wheat,2020-03-05,1742.829350127845
Wheat,2020-03-06,1749.6105502706992
Wheat,2020-03-07,1749.2504996627974
Wheat,2020-03-08,1754.2681641522574
Wheat,2020-03-09,1756.0763442774958
Wheat,2020-03-10,1752.85074550447
Wheat,2020-03-11,1754.6577235320121
Wheat,2020-03-12,1762.347906364342
Wheat,2020-03-13,1762.1687761687922
Wheat,2020-03-14,1769.9919944478622
Wheat,2020-03-15,1756.8932689274136
Wheat,2020-03-16,1761.0027814492896
Wheat,2020-03-17,1761.4380167904806
Wheat,2020-03-18,1759.9429800381513
Wheat,2020-03-19,1760.4017839208286
Wheat,2020-03-20,1750.4639393478242
Wheat,2020-03-21,1749.3655799086366
Wheat,2020-03-22,1751.1511427661953
Wheat,2020-03-23,1758.540612989903
Wheat,2020-03-24,1755.9492618985348
Wheat,2020-03-25,1751.9067938840687
Wheat,2020-03-26,1749.398008666146
Wheat,2020-03-27,1753.9750192546564
Wheat,2020-03-28,1755.618774802955
Wheat,2020-03-29,1752.9699737841197
Wheat,2020-03-30,1755.5363109496866
Wheat,2020-03-31,1756.0216986964267
Wheat,2020-04-01,1760.8649236490912
Wheat,2020-04-02,1757.3546581797043
Wheat,2020-04-03,1755.7163474467156
Wheat,2020-04-04,1753.7558066810548
Wheat,2020-04-05,1746.4382319403942
Wheat,2020-04-06,1747.918833325717
Wheat,2020-04-07,1749.2241096866164
Wheat,2020-04-08,1749.249676969829
Wheat,2020-04-09,1748.076741302953
Wheat,2020-04-10,1740.999887592701
Wheat,2020-04-11,1738.8966609788743
Wheat,2020-04-12,1737.1830883962402
Wheat,2020-04-13,1733.1717020501324
Wheat,2020-04-14,1732.365273491802
Wheat,2020-04-15,1734.3855277758748
Wheat,2020-04-16,1743.8164572819276
Wheat,2020-04-17,1744.6893463460867
Wheat,2020-04-18,1745.9770982997006
Wheat,2020-04-19,1745.6048687208697
Wheat,2020-04-20,1736.0110126443744
Wheat,2020-04-21,1735.8784432671284
Wheat,2020-04-22,1736.1795943168336
Wheat,2020-04-23,1748.49580487926
Wheat,2020-04-24,1747.5340000553545
Wheat,2020-04-25,1749.0417367670225
Wheat,2020-04-26,1748.8681779184963
Wheat,2020-04-27,1743.0247877303987
Wheat,2020-04-28,1748.7389018029737
Wheat,2020-04-29,1752.4985669664075
Wheat,2020-04-30,1756.4537267016228
Wheat,2020-05-01,1751.906789427649
Wheat,2020-05-02,1758.9207609823295
Wheat,2020-05-03,1751.9115056683681
Wheat,2020-05-04,1754.8457911373696
Wheat,2020-05-05,1765.7980692664194
Wheat,2020-05-06,1760.845387640766
Wheat,2020-05-07,1758.013898992752
Wheat,2020-05-08,1758.5121558181904
Wheat,2020-05-09,1755.9947775476094
Wheat,2020-05-10,1748.2414603922787
Wheat,2020-05-11,1748.5842752663089
Wheat,2020-05-12,1743.2727566976782
Wheat,2020-05-13,1745.6407188508542
Wheat,2020-05-14,1741.0435976796853
Wheat,2020-05-15,1748.793269704773
Wheat,2020-05-16,1744.8770032430916
Wheat,2020-05-17,1743.2666956620633
Wheat,2020-05-18,1747.3342817489117
Wheat,2020-05-19,1741.179960166742
Wheat,2020-05-20,1742.3172598397625
Wheat,2020-05-21,1748.8529736111745
Wheat,2020-05-22,1740.8155574383686
Wheat,2020-05-23,1741.73872673103
Wheat,2020-05-24,1743.0381407022721
Wheat,2020-05-25,1746.9472550611588
Wheat,2020-05-26,1740.7625015067683
Wheat,2020-05-27,1734.1602184413468
Wheat,2020-05-28,1736.7699262694314
Wheat,2020-05-29,1738.2548496355973
Wheat,2020-05-30,1739.5073138873267
Wheat,2020-05-31,1741.2395549348116
Wheat,2020-06-01,1737.839431326919
Wheat,2020-06-02,1739.0006998127242
Wheat,2020-06-03,1740.4660621792175
Wheat,2020-06-04,1736.8943050890857
Wheat,2020-06-05,1746.2231776448095
Wheat,2020-06-06,1748.5923422493684
Wheat,2020-06-07,1742.6358247633552
Wheat,2020-06-08,1745.9185928065244
Wheat,2020-06-09,1741.0451844553877
Wheat,2020-06-10,1744.9806074741
Wheat,2020-06-11,1750.773585369137
Wheat,2020-06-12,1746.6701737773785
Wheat,2020-06-13,1751.4870544236
Wheat,2020-06-14,1753.5509590582826
Wheat,2020-06-15,1757.661259858255
Wheat,2020-06-16,1767.1452247715247
Wheat,2020-06-17,1765.9182841915103
Wheat,2020-06-18,1762.149603369723
Wheat,2020-06-19,1757.7020312215955
Wheat,2020-06-20,1753.6229797967683
Wheat,2020-06-21,1753.2374712496976
Wheat,2020-06-22,1754.9432311237808
Wheat,2020-06-23,1756.326685120431
Wheat,2020-06-24,1760.4626013656111
Wheat,2020-06-25,1760.5276108250007
Wheat,2020-06-26,1767.7952812107872
Wheat,2020-06-27,1766.4719970445974
Wheat,2020-06-28,1780.0728428775456
Wheat,2020-06-29,1783.2011796163706
Wheat,2020-06-30,1778.915391834289
Wheat,2020-07-01,1773.5609293439836
Wheat,2020-07-02,1775.9732914201995
Wheat,2020-07-03,1774.8559774935702
Wheat,2020-07-04,1778.4259799640306
Wheat,2020-07-05,1780.7921680868985
Wheat,2020-07-06,1780.428023523614
Wheat,2020-07-07,1776.1940549332721
Wheat,2020-07-08,1768.6198188098426
Wheat,2020-07-09,1766.3872440495077
Wheat,2020-07-10,1770.669238021125
Wheat,2020-07-11,1771.739706741776
Wheat,2020-07-12,1765.511012848216
Wheat,2020-07-13,1766.376917477472
Wheat,2020-07-14,1768.303504376116
Wheat,2020-07-15,1763.8842171951105
Wheat,2020-07-16,1764.6528427248381
Wheat,2020-07-17,1764.943886317068
Wheat,2020-07-18,1759.229034827915
Wheat,2020-07-19,1761.0179716296564
Wheat,2020-07-20,1763.8218942614976
Wheat,2020-07-21,1769.237150477374
Wheat,2020-07-22,1774.5061607375485
Wheat,2020-07-23,1767.617813897763
Wheat,2020-07-24,1762.9286886981874
Wheat,2020-07-25,1765.5038650342308
Wheat,2020-07-26,1768.0727947887917
Wheat,2020-07-27,1770.648033220322
Wheat,2020-07-28,1789.9116906735956
Wheat,2020-07-29,1792.7661432270615
Wheat,2020-07-30,1798.4439714279645
Wheat,2020-07-31,1803.2139802454305
Wheat,2020-08-01,1806.4709365019594
Wheat,2020-08-02,1804.8945902787577
Wheat,2020-08-03,1808.6894363812241
Wheat,2020-08-04,1804.8253103085362
Wheat,2020-08-05,1803.6412172748362
Wheat,2020-08-06,1801.2143995356905
Wheat,2020-08-07,1801.6237702326223
Wheat,2020-08-08,1813.1970630659898
Wheat,2020-08-09,1803.860737103031
Wheat,2020-08-10,1807.2920380549035
Wheat,2020-08-11,1799.2284586989554
Wheat,2020-08-12,1796.8687993700082
Wheat,2020-08-13,1802.3135523548451
Wheat,2020-08-14,1802.6349524503223
Wheat,2020-08-15,1797.2462285606757
Wheat,2020-08-16,1793.669710014376
Wheat,2020-08-17,1797.0676987590493
Wheat,2020-08-18,1793.4158656004636
Wheat,2020-08-19,1794.4981585483736
Wheat,2020-08-20,1794.7260177478927
Wheat,2020-08-21,1791.4680160098635
Wheat,2020-08-22,1802.18773645649
Wheat,2020-08-23,1805.35733156808
Wheat,2020-08-24,1795.231618634792
Wheat,2020-08-25,1796.1638902086393
Wheat,2020-08-26,1792.8549578847974
Wheat,2020-08-27,1797.1171245587784
Wheat,2020-08-28,1793.154520866615
Wheat,2020-08-29,1792.5808386592805
Wheat,2020-08-30,1795.1057750541827
Wheat,2020-08-31,1799.4345510250334
Wheat,2020-09-01,1793.4330689897545
Wheat,2020-09-02,1791.7605628105498
Wheat,2020-09-03,1789.385836254745
Wheat,2020-09-04,1786.1191900918764
Wheat,2020-09-05,1794.9464612932818
Wheat,2020-09-06,1796.9713698480866
Wheat,2020-09-07,1790.6669500764115
Wheat,2020-09-08,1795.2562598116854
Wheat,2020-09-09,1805.8670407967484
Wheat,2020-09-10,1811.0293670995043
Wheat,2020-09-11,1803.4325172697343
Wheat,2020-09-12,1801.011346905403
Wheat,2020-09-13,1807.345902651336
Wheat,2020-09-14,1803.807555323242
Wheat,2020-09-15,1806.0266524639733
Wheat,2020-09-16,1809.89982273112
Wheat,2020-09-17,1805.2651703732295
Wheat,2020-09-18,1804.9675435929205
Wheat,2020-09-19,1788.761206892575
Wheat,2020-09-20,1783.6392686859037
Wheat,2020-09-21,1782.3764279289378
Wheat,2020-09-22,1776.1375120191137
Wheat,2020-09-23,1784.2995685387718
Wheat,2020-09-24,1777.1488616489687
Wheat,2020-09-25,1774.9486392154838
Wheat,2020-09-26,1775.6023421019142
Wheat,2020-09-27,1782.8087085472448
Wheat,2020-09-28,1775.6293977913476
Wheat,2020-09-29,1781.4452165521225
Wheat,2020-09-30,1781.4963818572203
Wheat,2020-10-01,1776.5888386019806
Wheat,2020-10-02,1778.899355973297
Wheat,2020-10-03,1779.8946544511643
Wheat,2020-10-04,1776.8935700653703
Wheat,2020-10-05,1777.2425804903203
Wheat,2020-10-06,1775.3160125060117
Wheat,2020-10-07,1775.883599232268
Wheat,2020-10-08,1779.194252604873
Wheat,2020-10-09,1787.1243366856
Wheat,2020-10-10,1780.9352591914655
Wheat,2020-10-11,1791.600426064747
Wheat,2020-10-12,1781.8399870671344
Wheat,2020-10-13,1781.0810615919565
Wheat,2020-10-14,1784.0226476243793
Wheat,2020-10-15,1785.4276069630546
Wheat,2020-10-16,1782.3141093639515
Wheat,2020-10-17,1781.2734981121653
Wheat,2020-10-18,1778.808493438871
Wheat,2020-10-19,1775.8616696541499
Wheat,2020-10-20,1780.109680139255
Wheat,2020-10-21,1781.8947575690804
Wheat,2020-10-22,1778.4302095927771
Wheat,2020-10-23,1782.9282089699434
Wheat,2020-10-24,1784.4647065743263
Wheat,2020-10-25,1788.5290171685212
Wheat,2020-10-26,1791.6771613781393
Wheat,2020-10-27,1787.5321863235288
Wheat,2020-10-28,1784.731281122544
Wheat,2020-10-29,1788.4677491481602
Wheat,2020-10-30,1791.5196004753277
Wheat,2020-10-31,1791.415092505507
Wheat,2020-11-01,1792.0017294220509
Wheat,2020-11-02,1798.3900539009928
Wheat,2020-11-03,1795.4321969568139
Wheat,2020-11-04,1798.167683862664
Wheat,2020-11-05,1797.1567206004945
Wheat,2020-11-06,1796.0683145843584
Wheat,2020-11-07,1801.5621988442942
Wheat,2020-11-08,1805.6892805892344
Wheat,2020-11-09,1809.7568287692377
Wheat,2020-11-10,1816.2842228050092
Wheat,2020-11-11,1816.389242013173
Wheat,2020-11-12,1819.7990068696479
Wheat,2020-11-13,1818.2476730866806
Wheat,2020-11-14,1819.868504849123
Wheat,2020-11-15,1819.2177895772845
Wheat,2020-11-16,1819.7027694022481
Wheat,2020-11-17,1822.6785545294326
Wheat,2020-11-18,1818.5874511132652
Wheat,2020-11-19,1829.0493874916926
Wheat,2020-11-20,1824.019300584194
Wheat,2020-11-21,1817.9483575202553
Wheat,2020-11-22,1823.7389118877556
Wheat,2020-11-23,1827.6972253575705
Wheat,2020-11-24,1830.8178244428311
Wheat,2020-11-25,1833.9595519891525
Wheat,2020-11-26,1833.898318124918
Wheat,2020-11-27,1829.412046267489
Wheat,2020-11-28,1829.7910690584574
Wheat,2020-11-29,1826.405260500897
Wheat,2020-11-30,1831.2808591679857
Wheat,2020-12-01,1830.545572260475
Wheat,2020-12-02,1826.4180862765124
Wheat,2020-12-03,1824.8111570682474
Wheat,2020-12-04,1826.8758143396255
Wheat,2020-12-05,1824.0571915756057
Wheat,2020-12-06,1819.9460895977736
Wheat,2020-12-07,1821.164525655233
Wheat,2020-12-08,1822.3893585107767
Wheat,2020-12-09,1819.854642633921
Wheat,2020-12-10,1817.4994511058294
Wheat,2020-12-11,1818.6597007926177
Wheat,2020-12-12,1811.419279085131
Wheat,2020-12-13,1804.3819602132482
Wheat,2020-12-14,1800.789739106986
Wheat,2020-12-15,1799.722503348427
Wheat,2020-12-16,1801.2770411764168
Wheat,2020-12-17,1808.6538222611646
Wheat,2020-12-18,1812.9421203771747
Wheat,2020-12-19,1812.1424277273575
Wheat,2020-12-20,1812.047346687844
Wheat,2020-12-21,1807.034699864655
Wheat,2020-12-22,1806.942134184693
Wheat,2020-12-23,1805.4988409900925
Wheat,2020-12-24,1807.112433791783
Wheat,2020-12-25,1802.9762790740212
Wheat,2020-12-26,1805.573011645227
Wheat,2020-12-27,1813.23670621024
Wheat,2020-12-28,1812.6929054679558
Wheat,2020-12-29,1814.7014640784505
Wheat,2020-12-30,1818.152184037006
Wheat,2020-12-31,1816.1460816775768
Wheat,2021-01-01,1817.266544086629
Wheat,2021-01-02,1817.329506090538
Wheat,2021-01-03,1817.817886583282
Wheat,2021-01-04,1813.9528376640046
Wheat,2021-01-05,1814.0753885352995
Wheat,2021-01-06,1816.5653799915267
Wheat,2021-01-07,1823.8210980305018
Wheat,2021-01-08,1828.617452160928
Wheat,2021-01-09,1839.3833644484857
Wheat,2021-01-10,1835.5466266340454
Wheat,2021-01-11,1839.9082298176488
Wheat,2021-01-12,1840.8249398463406
Wheat,2021-01-13,1851.7739545124289
Wheat,2021-01-14,1847.7324630856533
Wheat,2021-01-15,1843.5338538747494
Wheat,2021-01-16,1840.5368906475292
Wheat,2021-01-17,1829.9174120259802
Wheat,2021-01-18,1827.2886369175765
Wheat,2021-01-19,1823.492973609808
Wheat,2021-01-20,1824.244942542189
Wheat,2021-01-21,1825.9537224210746
Wheat,2021-01-22,1835.3345766171542
Wheat,2021-01-23,1840.0866958080844
Wheat,2021-01-24,1837.2021775297724
Wheat,2021-01-25,1832.7101041730307
Wheat,2021-01-26,1835.169700030563
Wheat,2021-01-27,1828.5685339954598
Wheat,2021-01-28,1837.7258278247316
Wheat,2021-01-29,1843.623028428338
Wheat,2021-01-30,1841.2771501678146
Wheat,2021-01-31,1832.7114775223602
Wheat,2021-02-01,1839.4808393931874
Wheat,2021-02-02,1838.908140166924
Wheat,2021-02-03,1845.0972217267915
Wheat,2021-02-04,1837.1250834328196
Wheat,2021-02-05,1834.1282083180508
Wheat,2021-02-06,1834.1544268166417
Wheat,2021-02-07,1834.3893297854654
Wheat,2021-02-08,1832.1390024280693
Wheat,2021-02-09,1835.2532520898067
Wheat,2021-02-10,1829.9151499428938
Wheat,2021-02-11,1829.2032525177872
Wheat,2021-02-12,1829.8047306763467
Wheat,2021-02-13,1832.3769248466406
Wheat,2021-02-14,1835.9349992370849
Wheat,2021-02-15,1830.3117887778956
Wheat,2021-02-16,1822.6412179242175
Wheat,2021-02-17,1829.02960203371
Wheat,2021-02-18,1830.691172093608
Wheat,2021-02-19,1826.9487394108253
Wheat,2021-02-20,1834.7044992884378
Wheat,2021-02-21,1835.2828724599021
Wheat,2021-02-22,1841.1793583802212
Wheat,2021-02-23,1841.5169507872718
Wheat,2021-02-24,1851.8206904116817
Wheat,2021-02-25,1860.5973946238978
Wheat,2021-02-26,1859.3525738815024
Wheat,2021-02-27,1864.2104286362742
Wheat,2021-02-28,1867.4373083842
Wheat,2021-03-01,1874.2804661718617
Wheat,2021-03-02,1869.455848868961
Wheat,2021-03-03,1872.8861061689533
Wheat,2021-03-04,1878.1782286032012
Wheat,2021-03-05,1869.3845311710857
Wheat,2021-03-06,1863.4682386077568
Wheat,2021-03-07,1853.2720777189563
Wheat,2021-03-08,1851.9250435467334
Wheat,2021-03-09,1855.5127548257133
Wheat,2021-03-10,1863.0245400861934
Wheat,2021-03-11,1863.3950139882922
Wheat,2021-03-12,1871.5380917161488
Wheat,2021-03-13,1864.6375844250742
Wheat,2021-03-14,1856.1206722282986
Wheat,2021-03-15,1855.8429337338155
Wheat,2021-03-16,1857.7632609785119
Wheat,2021-03-17,1857.5997872380415
Wheat,2021-03-18,1847.2625767378422
Wheat,2021-03-19,1846.8169765402781
Wheat,2021-03-20,1840.294629037754
Wheat,2021-03-21,1843.6429917819041
Wheat,2021-03-22,1845.4759830123883
Wheat,2021-03-23,1840.7765840807515
Wheat,2021-03-24,1838.207249494068
Wheat,2021-03-25,1832.9111818846234
Wheat,2021-03-26,1832.5977863982575
Wheat,2021-03-27,1837.3734980007637
Wheat,2021-03-28,1832.444867769086
Wheat,2021-03-29,1834.9651003466752
Wheat,2021-03-30,1832.313812254813
Wheat,2021-03-31,1828.3494480935012
Wheat,2021-04-01,1827.8142962937284
Wheat,2021-04-02,1822.6380846816317
Wheat,2021-04-03,1819.8698381548957
Wheat,2021-04-04,1813.8804486919514
Wheat,2021-04-05,1823.7040743565335
Wheat,2021-04-06,1823.8803921163922
Wheat,2021-04-07,1820.381764576429
Wheat,2021-04-08,1821.4516641301002
Wheat,2021-04-09,1820.8900238816461
Wheat,2021-04-10,1819.78517588398
Wheat,2021-04-11,1822.856009384197
Wheat,2021-04-12,1826.6435479344336
Wheat,2021-04-13,1823.991042196381
Wheat,2021-04-14,1821.1119509931575
Wheat,2021-04-15,1819.7366925073993
Wheat,2021-04-16,1808.2270866837214
Wheat,2021-04-17,1800.6511313727287
Wheat,2021-04-18,1807.4855027099513
Wheat,2021-04-19,1815.7103412774577
Wheat,2021-04-20,1814.465161079676
Wheat,2021-04-21,1817.3479458949546
Wheat,2021-04-22,1818.9041966676723
Wheat,2021-04-23,1834.2986007099485
Wheat,2021-04-24,1839.8964752671213
Wheat,2021-04-25,1839.2568873097175
Wheat,2021-04-26,1834.4791851067155
Wheat,2021-04-27,1826.4469535054275
Wheat,2021-04-28,1827.4642716847636
Wheat,2021-04-29,1823.6825179583423
Wheat,2021-04-30,1816.5712494103539
Wheat,2021-05-01,1813.338384989141
Wheat,2021-05-02,1807.9306449710691
Wheat,2021-05-03,1816.366353146432
Wheat,2021-05-04,1820.7745519311793
Wheat,2021-05-05,1820.7346887245963
Wheat,2021-05-06,1828.1344094190463
Wheat,2021-05-07,1828.5212509572843
Wheat,2021-05-08,1824.214829950643
Wheat,2021-05-09,1831.8304503369914
Wheat,2021-05-10,1834.5250005554146
Wheat,2021-05-11,1829.3387697837825
Wheat,2021-05-12,1828.3870763933644
Wheat,2021-05-13,1824.0089851264406
Wheat,2021-05-14,1817.094986471619
Wheat,2021-05-15,1821.725874209277
Wheat,2021-05-16,1831.2729574116277
Wheat,2021-05-17,1824.280119542532
Wheat,2021-05-18,1827.0949657259848
Wheat,2021-05-19,1823.8417528803757
Wheat,2021-05-20,1821.4061259615523
Wheat,2021-05-21,1818.444156340358
Wheat,2021-05-22,1814.1242024919588
Wheat,2021-05-23,1814.366810631683
Wheat,2021-05-24,1810.2120600496278
Wheat,2021-05-25,1811.5643441785269
Wheat,2021-05-26,1811.3131536312812
Wheat,2021-05-27,1810.1184133969493
Wheat,2021-05-28,1805.5805950867414
Wheat,2021-05-29,1802.6967384338996
Wheat,2021-05-30,1806.4736945630284
Wheat,2021-05-31,1808.9782805011503
Wheat,2021-06-01,1804.0905042771576
Wheat,2021-06-02,1804.5871658043036
Wheat,2021-06-03,1808.3441014211626
Wheat,2021-06-04,1799.9970750155558
Wheat,2021-06-05,1802.7138759774555
Wheat,2021-06-06,1799.4007571827262
Wheat,2021-06-07,1802.2537505256919
Wheat,2021-06-08,1798.4374547429793
Wheat,2021-06-09,1789.4130442396568
Wheat,2021-06-10,1781.275332050241
Wheat,2021-06-11,1781.5157567835479
Wheat,2021-06-12,1782.8143692921553
Wheat,2021-06-13,1778.2927861666333
Wheat,2021-06-14,1781.4857484605202
Wheat,2021-06-15,1773.1781481491753
Wheat,2021-06-16,1772.8477491559388
Wheat,2021-06-17,1766.7926681571264
Wheat,2021-06-18,1763.5334876181157
Wheat,2021-06-19,1763.7704809746976
Wheat,2021-06-20,1759.468414148278
Wheat,2021-06-21,1757.5456364271288
Wheat,2021-06-22,1762.577100473201
Wheat,2021-06-23,1759.6926411255854
Wheat,2021-06-24,1763.871101685911
Wheat,2021-06-25,1758.222567412623
Wheat,2021-06-26,1760.8715883021994
Wheat,2021-06-27,1768.0794314054888
Wheat,2021-06-28,1755.7212089048523
Wheat,2021-06-29,1751.7367326275
Wheat,2021-06-30,1754.6220932634028
Wheat,2021-07-01,1753.6068663331878
Wheat,2021-07-02,1755.4625957000444
Wheat,2021-07-03,1752.442669766465
Wheat,2021-07-04,1752.8756187038298
Wheat,2021-07-05,1752.0972325268692
Wheat,2021-07-06,1757.9361428351683
Wheat,2021-07-07,1759.2082470516743
Wheat,2021-07-08,1760.8962603620505
Wheat,2021-07-09,1758.836875531438
Wheat,2021-07-10,1756.3988444110755
Wheat,2021-07-11,1754.2360534719776
Wheat,2021-07-12,1756.2083141838689
Wheat,2021-07-13,1754.1033917797677
Wheat,2021-07-14,1755.5522660642498
Wheat,2021-07-15,1765.929270057477
Wheat,2021-07-16,1770.2848935746354
Wheat,2021-07-17,1768.6547759137961
Wheat,2021-07-18,1774.660845524616
Wheat,2021-07-19,1772.620468659508
Wheat,2021-07-20,1762.4298459836189
Wheat,2021-07-21,1757.3894144290318
Wheat,2021-07-22,1748.0354548239027
Wheat,2021-07-23,1746.277887403696
Wheat,2021-07-24,1746.3699792996438
Wheat,2021-07-25,1754.7521658610203
Wheat,2021-07-26,1756.386802729841
Wheat,2021-07-27,1755.2913000857966
Wheat,2021-07-28,1759.4383279917142
Wheat,2021-07-29,1748.3826514466748
Wheat,2021-07-30,1749.5607242372175
Wheat,2021-07-31,1753.4150502066525
Wheat,2021-08-01,1746.0221189777533
Wheat,2021-08-02,1751.7408891937878
Wheat,2021-08-03,1753.4333712312598
Wheat,2021-08-04,1751.3569316617559
Wheat,2021-08-05,1754.5208409922873
Wheat,2021-08-06,1765.8743052813093
Wheat,2021-08-07,1766.7836365566018
Wheat,2021-08-08,1768.0247394881035
Wheat,2021-08-09,1765.7279349904022
Wheat,2021-08-10,1761.4787131430783
Wheat,2021-08-11,1765.6303922257996
Wheat,2021-08-12,1761.349973096255
Wheat,2021-08-13,1761.707804282352
Wheat,2021-08-14,1759.3195170485264
Wheat,2021-08-15,1761.7144161772585
Wheat,2021-08-16,1763.3827267036932
Wheat,2021-08-17,1768.5704264249828
Wheat,2021-08-18,1766.020344430709
Wheat,2021-08-19,1764.6709697542422
Wheat,2021-08-20,1759.7771511753306
Wheat,2021-08-21,1757.55568487495
Wheat,2021-08-22,1759.4421873401743
Wheat,2021-08-23,1763.2271304234011
Wheat,2021-08-24,1758.616303802513
Wheat,2021-08-25,1762.9643334030413
Wheat,2021-08-26,1769.742522697066
Wheat,2021-08-27,1771.8096972131846
Wheat,2021-08-28,1781.193676275975
Wheat,2021-08-29,1777.324730280457
Wheat,2021-08-30,1771.1014567639
Wheat,2021-08-31,1762.2078555193784
Wheat,2021-09-01,1769.6880770768244
Wheat,2021-09-02,1772.9599053585946
Wheat,2021-09-03,1772.6819820040423
Wheat,2021-09-04,1774.0818251356416
Wheat,2021-09-05,1768.4543798991497
Wheat,2021-09-06,1780.6831397972337
Wheat,2021-09-07,1781.32924570711
Wheat,2021-09-08,1781.8762196801345
Wheat,2021-09-09,1785.5050527996277
Wheat,2021-09-10,1787.9100989583114
Wheat,2021-09-11,1789.0295190797071
Wheat,2021-09-12,1785.0771468024805
Wheat,2021-09-13,1787.4344885881605
Wheat,2021-09-14,1796.8446110705356
Wheat,2021-09-15,1803.5717113013104
Wheat,2021-09-16,1811.5376444345075
Wheat,2021-09-17,1808.9815660523516
Wheat,2021-09-18,1804.0335419510586
Wheat,2021-09-19,1803.4046073505604
Wheat,2021-09-20,1803.683231912004
Wheat,2021-09-21,1809.1541895043586
Wheat,2021-09-22,1800.6918663557847
Wheat,2021-09-23,1808.3396179530876
Wheat,2021-09-24,1807.5495784601926
Wheat,2021-09-25,1805.4151731104555
Wheat,2021-09-26,1800.3546512341547
Wheat,2021-09-27,1792.080367874826
Wheat,2021-09-28,1796.1962207946356
Wheat,2021-09-29,1796.5628106305776
Wheat,2021-09-30,1790.1130061318722
Wheat,2021-10-01,1783.6376122715542
Wheat,2021-10-02,1781.9586887751036
Wheat,2021-10-03,1790.3037964015505
Wheat,2021-10-04,1789.0058396447325
Wheat,2021-10-05,1781.4901248791418
Wheat,2021-10-06,1780.261409558712
Wheat,2021-10-07,1778.897791709974
Wheat,2021-10-08,1765.413358495266
Wheat,2021-10-09,1765.141884162677
Wheat,2021-10-10,1763.9872115116336
Wheat,2021-10-11,1767.4682433357007
Wheat,2021-10-12,1776.7130238104273
Wheat,2021-10-13,1782.3458489581662
Wheat,2021-10-14,1781.001405505392
Wheat,2021-10-15,1775.4687759616836
Wheat,2021-10-16,1788.335574977933
Wheat,2021-10-17,1788.6316671480054
Wheat,2021-10-18,1788.70131360757
Wheat,2021-10-19,1788.58068817202
Wheat,2021-10-20,1789.5711119758594
Wheat,2021-10-21,1788.8493099162397
Wheat,2021-10-22,1785.9809998818384
Wheat,2021-10-23,1783.2467051756364
Wheat,2021-10-24,1783.0829388245565
Wheat,2021-10-25,1780.3658149688877
Wheat,2021-10-26,1776.801586055502
Wheat,2021-10-27,1777.3337371939613
Wheat,2021-10-28,1776.058851106857
Wheat,2021-10-29,1783.5788160497705
Wheat,2021-10-30,1770.3239670078055
Wheat,2021-10-31,1775.7815012674178
Wheat,2021-11-01,1782.011927229906
Wheat,2021-11-02,1771.6449760678652
Wheat,2021-11-03,1769.9315380974633
Wheat,2021-11-04,1768.0743337674844
Wheat,2021-11-05,1761.0367752938953
Wheat,2021-11-06,1757.147691855941
Wheat,2021-11-07,1751.5948126286119
Wheat,2021-11-08,1760.35616484573
Wheat,2021-11-09,1765.0345568114672
Wheat,2021-11-10,1771.392332286438
Wheat,2021-11-11,1775.0006926066542
Wheat,2021-11-12,1769.3554337505682
Wheat,2021-11-13,1766.7328324191692
Wheat,2021-11-14,1769.179705225309
Wheat,2021-11-15,1763.0690661808492
Wheat,2021-11-16,1766.634058331711
Wheat,2021-11-17,1765.4324313409204
Wheat,2021-11-18,1763.5583273031723
Wheat,2021-11-19,1767.1131271441898
Wheat,2021-11-20,1769.33444370162
Wheat,2021-11-21,1767.5296128725247
Wheat,2021-11-22,1773.326261889346
Wheat,2021-11-23,1767.9209452513464
Wheat,2021-11-24,1771.0006232860676
Wheat,2021-11-25,1773.9661295759097
Wheat,2021-11-26,1772.4183973793397
Wheat,2021-11-27,1774.0490624905503
Wheat,2021-11-28,1767.7934946086236
Wheat,2021-11-29,1772.4136297046582
Wheat,2021-11-30,1771.4891190224432
Wheat,2021-12-01,1768.8755039198481
Wheat,2021-12-02,1774.1205500490325
Wheat,2021-12-03,1770.5988315963186
Wheat,2021-12-04,1763.556525114501
Wheat,2021-12-05,1755.7733792468814
Wheat,2021-12-06,1758.8034290036096
Wheat,2021-12-07,1752.4012822411282
Wheat,2021-12-08,1761.1752531510501
Wheat,2021-12-09,1750.7656061116313
Wheat,2021-12-10,1759.2478879530815
Wheat,2021-12-11,1760.3029752890948
Wheat,2021-12-12,1759.8194097297428
Wheat,2021-12-13,1757.094814295698
Wheat,2021-12-14,1759.0904948674583
Wheat,2021-12-15,1758.9023213553342
Wheat,2021-12-16,1764.4188307654167
Wheat,2021-12-17,1764.9899690087268
Wheat,2021-12-18,1765.7414778160362
Wheat,2021-12-19,1763.923416754967
Wheat,2021-12-20,1763.6386886363616
Wheat,2021-12-21,1765.177697480822
Wheat,2021-12-22,1756.6268555175388
Wheat,2021-12-23,1749.8859284070104
Wheat,2021-12-24,1753.6022488771239
Wheat,2021-12-25,1754.4565760677635
Wheat,2021-12-26,1753.536659386
Wheat,2021-12-27,1753.628829051327
Wheat,2021-12-28,1755.3667375781356
Wheat,2021-12-29,1752.6679391765888
Wheat,2021-12-30,1748.7764155495772
Wheat,2021-12-31,1749.7556418250656
Wheat,2022-01-01,1744.8637779369903
Wheat,2022-01-02,1746.9050417155627
Wheat,2022-01-03,1738.3921236943736
Wheat,2022-01-04,1743.5379018810017
Wheat,2022-01-05,1745.900889293067
Wheat,2022-01-06,1747.1810379646363
Wheat,2022-01-07,1752.094492884364
Wheat,2022-01-08,1760.4218651066767
Wheat,2022-01-09,1765.4937154317674
Wheat,2022-01-10,1756.2893442751092
Wheat,2022-01-11,1749.8914594414307
Wheat,2022-01-12,1746.7673665529524
Wheat,2022-01-13,1746.8978218040065
Wheat,2022-01-14,1749.486116906352
Wheat,2022-01-15,1745.8573978405848
Wheat,2022-01-16,1746.7912316629702
Wheat,2022-01-17,1743.0143170012036
Wheat,2022-01-18,1739.9567279862438
Wheat,2022-01-19,1732.9234225020027
Wheat,2022-01-20,1728.307256271448
Wheat,2022-01-21,1721.5488332433665
Wheat,2022-01-22,1716.66946697848
Wheat,2022-01-23,1721.937675961519
Wheat,2022-01-24,1717.1906815173593
Wheat,2022-01-25,1730.3525918415462
Wheat,2022-01-26,1732.8191813459507
Wheat,2022-01-27,1733.743361964425
Wheat,2022-01-28,1729.451573063519
Wheat,2022-01-29,1732.953122460564
Wheat,2022-01-30,1730.0749333293752
Wheat,2022-01-31,1730.684982402602
Wheat,2022-02-01,1743.485405093946
Wheat,2022-02-02,1743.0051055953227
Wheat,2022-02-03,1748.751472226751
Wheat,2022-02-04,1745.2355901011215
Wheat,2022-02-05,1745.0606476486369
Wheat,2022-02-06,1753.9146508268143
Wheat,2022-02-07,1750.7798155378755
Wheat,2022-02-08,1759.84205832786
Wheat,2022-02-09,1763.3808180051374
Wheat,2022-02-10,1760.5684841256661
Wheat,2022-02-11,1763.7305228209439
Wheat,2022-02-12,1768.5932950690774
Wheat,2022-02-13,1771.7023448801633
Wheat,2022-02-14,1763.8512212807111
Wheat,2022-02-15,1760.2155354015867
Wheat,2022-02-16,1758.9779422238291
Wheat,2022-02-17,1758.605775078329
Wheat,2022-02-18,1761.7091355660823
Wheat,2022-02-19,1762.5976405707486
Wheat,2022-02-20,1755.920918777198
Wheat,2022-02-21,1757.821908032228
Wheat,2022-02-22,1760.874836758647
Wheat,2022-02-23,1763.6737889983024
Wheat,2022-02-24,1769.0776926260753
Wheat,2022-02-25,1773.24730339882
Wheat,2022-02-26,1775.5432037949622
Wheat,2022-02-27,1775.1923752376688
Wheat,2022-02-28,1766.8875705700889
Wheat,2022-03-01,1769.0356616657518
Wheat,2022-03-02,1770.0741001015674
Wheat,2022-03-03,1771.4319942875443
Wheat,2022-03-04,1765.0482514084426
Wheat,2022-03-05,1759.6429687064015
Wheat,2022-03-06,1764.908732973066
Wheat,2022-03-07,1764.7109572037825
Wheat,2022-03-08,1768.1184606906459
Wheat,2022-03-09,1768.260052571298
Wheat,2022-03-10,1768.4088332687768
Wheat,2022-03-11,1773.1002522986569
Wheat,2022-03-12,1770.5200286575698
Wheat,2022-03-13,1771.0006325422748
Wheat,2022-03-14,1768.6892560987496
Wheat,2022-03-15,1766.516774961588
Wheat,2022-03-16,1764.9709143442449
Wheat,2022-03-17,1766.0815832024134
Wheat,2022-03-18,1763.687840094096
Wheat,2022-03-19,1769.9666207219636
Wheat,2022-03-20,1765.4935842108662
Wheat,2022-03-21,1764.5592259900593
Wheat,2022-03-22,1762.3605706986884
Wheat,2022-03-23,1769.5954601204571
Wheat,2022-03-24,1770.578234003015
Wheat,2022-03-25,1775.737456700358
Wheat,2022-03-26,1768.3096548351732
Wheat,2022-03-27,1769.6449061645196
Wheat,2022-03-28,1774.0930601426367
Wheat,2022-03-29,1774.504480089014
Wheat,2022-03-30,1779.8318819643407
Wheat,2022-03-31,1777.2454397138388
Wheat,2022-04-01,1784.2921769147667
Wheat,2022-04-02,1795.786667532863
Wheat,2022-04-03,1793.9724747306645
Wheat,2022-04-04,1791.7449621236608
Wheat,2022-04-05,1799.0118845092493
Wheat,2022-04-06,1806.9097452379028
Wheat,2022-04-07,1804.2954451021365
Wheat,2022-04-08,1802.1945110166573
Wheat,2022-04-09,1800.7855879723547
Wheat,2022-04-10,1794.0633354171832
Wheat,2022-04-11,1789.4700756847624
Wheat,2022-04-12,1784.449371851002
Wheat,2022-04-13,1780.6103840254814
Wheat,2022-04-14,1780.4369595885473
Wheat,2022-04-15,1781.60803325123
Wheat,2022-04-16,1789.3605357153003
Wheat,2022-04-17,1784.3687655116064
Wheat,2022-04-18,1789.2903775039895
Wheat,2022-04-19,1788.220433282862
Wheat,2022-04-20,1787.9731147345997
Wheat,2022-04-21,1791.3472121954326
Wheat,2022-04-22,1785.7336020876212
Wheat,2022-04-23,1787.6456508185415
Wheat,2022-04-24,1788.4779118596068
Wheat,2022-04-25,1790.9401681796476
Wheat,2022-04-26,1792.3860113991866
Wheat,2022-04-27,1804.662512098741
Wheat,2022-04-28,1801.4738121774844
Wheat,2022-04-29,1798.8188274024753
Wheat,2022-04-30,1795.7031247703515
Wheat,2022-05-01,1792.9257391745502
Wheat,2022-05-02,1789.7388035380177
Wheat,2022-05-03,1795.6838861935555
Wheat,2022-05-04,1802.7864074335048
Wheat,2022-05-05,1799.9326759647574
Wheat,2022-05-06,1795.770898099236
Wheat,2022-05-07,1798.1279758811681
Wheat,2022-05-08,1795.3668606597635
Wheat,2022-05-09,1798.5315197485409
Wheat,2022-05-10,1799.5461348527974
Wheat,2022-05-11,1791.9674142778113
Wheat,2022-05-12,1799.7049402844616
Wheat,2022-05-13,1808.684328649939
Wheat,2022-05-14,1805.6203851975172
Wheat,2022-05-15,1803.6818773978373
Wheat,2022-05-16,1805.1112043514618
Wheat,2022-05-17,1806.783488301397
Wheat,2022-05-18,1810.076209664761
Wheat,2022-05-19,1820.127232358593
Wheat,2022-05-20,1819.2424962211226
Wheat,2022-05-21,1815.2510099984304
Wheat,2022-05-22,1808.3544138583577
Wheat,2022-05-23,1804.6997636586482
Wheat,2022-05-24,1804.5341287942792
Wheat,2022-05-25,1813.5069181118681
Wheat,2022-05-26,1810.9188616166873
Wheat,2022-05-27,1812.0378013748816
Wheat,2022-05-28,1811.9556868945178
Wheat,2022-05-29,1817.8976532617585
Wheat,2022-05-30,1830.5323153911265
Wheat,2022-05-31,1827.8779715265248
Wheat,2022-06-01,1825.4307743139339
Wheat,2022-06-02,1830.651578699279
Wheat,2022-06-03,1834.0610361474107
Wheat,2022-06-04,1843.294572776091
Wheat,2022-06-05,1846.2142137027206
Wheat,2022-06-06,1844.4177532487854
Wheat,2022-06-07,1847.371027402247
Wheat,2022-06-08,1852.9145453051615
Wheat,2022-06-09,1857.0169562111482
Wheat,2022-06-10,1859.5533263666848
Wheat,2022-06-11,1864.8866998146304
Wheat,2022-06-12,1870.733177766859
Wheat,2022-06-13,1877.6439727220466
Wheat,2022-06-14,1880.8875221599947
Wheat,2022-06-15,1880.0519317584105
Wheat,2022-06-16,1880.785500190577
Wheat,2022-06-17,1886.8180450231189
Wheat,2022-06-18,1882.7333666681827
Wheat,2022-06-19,1884.5767332125472
Wheat,2022-06-20,1882.6100391509103
Wheat,2022-06-21,1882.7537632655844
Wheat,2022-06-22,1889.146022578621
Wheat,2022-06-23,1890.1015179187204
Wheat,2022-06-24,1890.3337006595013
Wheat,2022-06-25,1883.5344199546016
Wheat,2022-06-26,1887.2656877847378
Wheat,2022-06-27,1890.493108690443
Wheat,2022-06-28,1901.3093823069705
Wheat,2022-06-29,1899.7704911322055
Wheat,2022-06-30,1900.866242770525
Wheat,2022-07-01,1902.113161189079
Wheat,2022-07-02,1910.0004275878962
Wheat,2022-07-03,1909.5239499259615
Wheat,2022-07-04,1910.9190575548132
Wheat,2022-07-05,1913.958540103396
Wheat,2022-07-06,1914.8915857191778
Wheat,2022-07-07,1912.659417646425
Wheat,2022-07-08,1913.6298676109166
Wheat,2022-07-09,1918.9980263602154
Wheat,2022-07-10,1913.8654498631602
Wheat,2022-07-11,1914.5302982338944
Wheat,2022-07-12,1911.0296941591987
Wheat,2022-07-13,1917.0049273038228
Wheat,2022-07-14,1909.388992779904
Wheat,2022-07-15,1906.594383543546
Wheat,2022-07-16,1908.4804429188687
Wheat,2022-07-17,1916.3080630650404
Wheat,2022-07-18,1915.9793117596755
Wheat,2022-07-19,1913.2033141262095
Wheat,2022-07-20,1922.6090994734125
Wheat,2022-07-21,1915.3690299713312
Wheat,2022-07-22,1904.3750001882308
Wheat,2022-07-23,1906.5750724384975
Wheat,2022-07-24,1904.0648013167342
Wheat,2022-07-25,1898.9586372310807
Wheat,2022-07-26,1902.5004194675776
Wheat,2022-07-27,1903.7194230364335
Wheat,2022-07-28,1900.8990298827498
Wheat,2022-07-29,1894.4975078893954
Wheat,2022-07-30,1898.859794530796
Wheat,2022-07-31,1902.1108004205894
Wheat,2022-08-01,1901.6149211016925
Wheat,2022-08-02,1910.8481060819308
Wheat,2022-08-03,1905.4976822503002
Wheat,2022-08-04,1897.8700563956763
Wheat,2022-08-05,1894.4105160462702
Wheat,2022-08-06,1894.1825859644928
Wheat,2022-08-07,1895.3992832111062
Wheat,2022-08-08,1894.1931029218244
Wheat,2022-08-09,1895.9533799043961
Wheat,2022-08-10,1889.6956827834438
Wheat,2022-08-11,1896.91450580381
Wheat,2022-08-12,1896.5037499118473
Wheat,2022-08-13,1902.090229069788
Wheat,2022-08-14,1903.8038558016765
Wheat,2022-08-15,1906.0876218974454
Wheat,2022-08-16,1908.9364582986063
Wheat,2022-08-17,1911.175001098693
Wheat,2022-08-18,1914.3886148980307
Wheat,2022-08-19,1921.0343775486929
Wheat,2022-08-20,1922.0169833972002
Wheat,2022-08-21,1925.5620021851428
Wheat,2022-08-22,1925.1133237137067
Wheat,2022-08-23,1932.3139097909539
Wheat,2022-08-24,1928.9319482806577
Wheat,2022-08-25,1937.9366504452116
Wheat,2022-08-26,1937.73586069199
Wheat,2022-08-27,1930.5819851813997
Wheat,2022-08-28,1931.2225072559536
Wheat,2022-08-29,1927.8172489685792
Wheat,2022-08-30,1932.0204667135229
Wheat,2022-08-31,1928.757346817011
Wheat,2022-09-01,1926.526429650937
Wheat,2022-09-02,1917.0787259962094
Wheat,2022-09-03,1914.817194399964
Wheat,2022-09-04,1902.6977977668191
Wheat,2022-09-05,1894.7782836493907
Wheat,2022-09-06,1898.580356930112
Wheat,2022-09-07,1902.5093577233663
Wheat,2022-09-08,1904.6366455322911
Wheat,2022-09-09,1899.801764816645
Wheat,2022-09-10,1899.563208035935
Wheat,2022-09-11,1899.5451953404822
Wheat,2022-09-12,1893.7533718945194
Wheat,2022-09-13,1901.2703634033553
Wheat,2022-09-14,1905.6571748562337
Wheat,2022-09-15,1904.5523539870853
Wheat,2022-09-16,1904.686783182058
Wheat,2022-09-17,1905.7286972217958
Wheat,2022-09-18,1895.5200228796743
Wheat,2022-09-19,1894.2841359670713
Wheat,2022-09-20,1890.8742147270823
Wheat,2022-09-21,1885.8661146776078
Wheat,2022-09-22,1884.460613213178
Wheat,2022-09-23,1893.4490458474256
Wheat,2022-09-24,1896.6532601537606
Wheat,2022-09-25,1893.7973652048468
Wheat,2022-09-26,1896.6602791116275
Wheat,2022-09-27,1903.6570562945574
Wheat,2022-09-28,1908.2802247091213
Wheat,2022-09-29,1908.578376558722
Wheat,2022-09-30,1905.3436926701943
Wheat,2022-10-01,1908.8348092382623
Wheat,2022-10-02,1910.802236165371
Wheat,2022-10-03,1915.2782022655097
Wheat,2022-10-04,1918.4540612739195
Wheat,2022-10-05,1923.7018248505162
Wheat,2022-10-06,1921.0256487927134
Wheat,2022-10-07,1927.612619120885
Wheat,2022-10-08,1928.6006171443469
Wheat,2022-10-09,1938.9769215074734
Wheat,2022-10-10,1935.5309824170254
Wheat,2022-10-11,1944.2108014328517
Wheat,2022-10-12,1945.200355350165
Wheat,2022-10-13,1941.9432653320928
Wheat,2022-10-14,1939.5238361618212
Wheat,2022-10-15,1937.9220996208496
Wheat,2022-10-16,1940.0429293528591
Wheat,2022-10-17,1942.6571067930365
Wheat,2022-10-18,1939.7886067733436
Wheat,2022-10-19,1939.6668338120387
Wheat,2022-10-20,1950.378185605098
Wheat,2022-10-21,1959.0159014556016
Wheat,2022-10-22,1961.1975198039718
Wheat,2022-10-23,1961.387537194813
Wheat,2022-10-24,1961.9876938284042
Wheat,2022-10-25,1965.0552836920563
Wheat,2022-10-26,1959.9413208660642
Wheat,2022-10-27,1958.6544381789474
Wheat,2022-10-28,1950.3115178095595
Wheat,2022-10-29,1952.307633422586
Wheat,2022-10-30,1955.5436131210995
Wheat,2022-10-31,1953.1276808096027
Wheat,2022-11-01,1960.9976146260528
Wheat,2022-11-02,1954.8687863110413
Wheat,2022-11-03,1947.546911909992
Wheat,2022-11-04,1948.669171002792
Wheat,2022-11-05,1953.9046625158528
Wheat,2022-11-06,1962.324300973142
Wheat,2022-11-07,1960.0298796587974
Wheat,2022-11-08,1965.4232838259538
Wheat,2022-11-09,1965.2307414784502
Wheat,2022-11-10,1964.3676049787462
Wheat,2022-11-11,1968.7859046661797
Wheat,2022-11-12,1972.0475190582467
Wheat,2022-11-13,1964.1655582733254
Wheat,2022-11-14,1971.5482600219548
Wheat,2022-11-15,1978.4487167926923
Wheat,2022-11-16,1975.3209032851446
Wheat,2022-11-17,1977.2999209523316
Wheat,2022-11-18,1979.7700718837452
Wheat,2022-11-19,1981.0734407128648
Wheat,2022-11-20,1978.3219149436377
Wheat,2022-11-21,1974.9637981039473
Wheat,2022-11-22,1974.83602774899
Wheat,2022-11-23,1980.699672845287
Wheat,2022-11-24,1983.4176736182592
Wheat,2022-11-25,1981.5646019578287
Wheat,2022-11-26,1985.4230955110704
Wheat,2022-11-27,1971.18038240792
Wheat,2022-11-28,1976.9242109097804
Wheat,2022-11-29,1968.2256420158901
Wheat,2022-11-30,1966.4134373088743
Wheat,2022-12-01,1960.8150878357437
Wheat,2022-12-02,1954.341680457139
Wheat,2022-12-03,1960.1458143940317
Wheat,2022-12-04,1957.8073083874722
Wheat,2022-12-05,1959.5398277961258
Wheat,2022-12-06,1959.3052249017298
Wheat,2022-12-07,1961.6904290378454
Wheat,2022-12-08,1962.0745384931467
Wheat,2022-12-09,1955.659577372204
Wheat,2022-12-10,1960.6409114694397
Wheat,2022-12-11,1958.172128553633
Wheat,2022-12-12,1950.3892190603342
Wheat,2022-12-13,1948.2486432555047
Wheat,2022-12-14,1955.7524422086763
Wheat,2022-12-15,1960.0035509192437
Wheat,2022-12-16,1958.2602902472045
Wheat,2022-12-17,1956.5140017256124
Wheat,2022-12-18,1954.9058264695254
Wheat,2022-12-19,1965.2895663873296
Wheat,2022-12-20,1967.1992436484875
Wheat,2022-12-21,1969.3494518844427
Wheat,2022-12-22,1974.500869154602
Wheat,2022-12-23,1975.6948149497346
Wheat,2022-12-24,1974.399604220631
Wheat,2022-12-25,1973.4178549752062
Wheat,2022-12-26,1973.0598486781357
Wheat,2022-12-27,1972.8737374955865
Wheat,2022-12-28,1976.5118852137716
Wheat,2022-12-29,1976.771614642808
Wheat,2022-12-30,1980.4348150288859
Wheat,2022-12-31,1980.031232128343
Wheat,2023-01-01,1980.4244080799235
Wheat,2023-01-02,1970.4334046572628
Wheat,2023-01-03,1975.0150430307754
Wheat,2023-01-04,1976.7474854102652
Wheat,2023-01-05,1981.7375359595635
Wheat,2023-01-06,1967.2562590685952
Wheat,2023-01-07,1977.6981325924987
Wheat,2023-01-08,1977.0001844517228
Wheat,2023-01-09,1982.5410985354106
Wheat,2023-01-10,1977.341568899783
Wheat,2023-01-11,1980.4054384250958
Wheat,2023-01-12,1975.1383606092274
Wheat,2023-01-13,1972.0195158057484
Wheat,2023-01-14,1981.5896725750822
Wheat,2023-01-15,1980.6362605712657
Wheat,2023-01-16,1981.723424937164
Wheat,2023-01-17,1986.073763590608
Wheat,2023-01-18,1988.5521730304708
Wheat,2023-01-19,1989.3042675561887
Wheat,2023-01-20,1991.1290725685199
Wheat,2023-01-21,2003.1461504947113
Wheat,2023-01-22,2002.8580565095435
Wheat,2023-01-23,2003.8635517431183
Wheat,2023-01-24,2009.1168237231564
Wheat,2023-01-25,2014.6444533879462
Wheat,2023-01-26,2020.5796049157482
Wheat,2023-01-27,2023.7732560258942
Wheat,2023-01-28,2018.0582314622416
Wheat,2023-01-29,2026.2253891237472
Wheat,2023-01-30,2020.4936621586537
Wheat,2023-01-31,2022.0068394848488
Wheat,2023-02-01,2018.235460234752
Wheat,2023-02-02,2017.9147685017872
Wheat,2023-02-03,2019.5585805533046
Wheat,2023-02-04,2021.1653666305558
Wheat,2023-02-05,2023.2749704017324
Wheat,2023-02-06,2031.3435267470256
Wheat,2023-02-07,2033.6111982545954
Wheat,2023-02-08,2032.3904150781423
Wheat,2023-02-09,2037.2108509195841
Wheat,2023-02-10,2043.158203364207
Wheat,2023-02-11,2037.0201642885222
Wheat,2023-02-12,2040.0071646377714
Wheat,2023-02-13,2043.513028349326
Wheat,2023-02-14,2042.025210832526
Wheat,2023-02-15,2048.9037448990844
Wheat,2023-02-16,2048.1534669639213
Wheat,2023-02-17,2048.7813492312794
Wheat,2023-02-18,2047.9159901098599
Wheat,2023-02-19,2047.9938853477672
Wheat,2023-02-20,2042.5125099132913
Wheat,2023-02-21,2035.3122555003197
Wheat,2023-02-22,2043.2847808164447
Wheat,2023-02-23,2039.049974074853
Wheat,2023-02-24,2034.0930123275714
Wheat,2023-02-25,2023.3260617595529
Wheat,2023-02-26,2020.1312530211053
Wheat,2023-02-27,2013.515804054068
Wheat,2023-02-28,2021.7258798547498
Wheat,2023-03-01,2026.774965301463
Wheat,2023-03-02,2023.3342135755743
Wheat,2023-03-03,2034.596392602296
Wheat,2023-03-04,2039.5052200372538
Wheat,2023-03-05,2037.8810631197107
Wheat,2023-03-06,2025.3840345453427
Wheat,2023-03-07,2036.8387474082965
Wheat,2023-03-08,2029.8908850744785
Wheat,2023-03-09,2021.6638913396941
Wheat,2023-03-10,2026.7767434997422
Wheat,2023-03-11,2038.9755055314386
Wheat,2023-03-12,2045.8968696239913
Wheat,2023-03-13,2048.716415224253
Wheat,2023-03-14,2051.6901869325793
Wheat,2023-03-15,2055.957264726481
Wheat,2023-03-16,2059.7519076754147
Wheat,2023-03-17,2061.157864795262
Wheat,2023-03-18,2061.678870315021
Wheat,2023-03-19,2061.3659046755233
Wheat,2023-03-20,2057.59608173119
Wheat,2023-03-21,2056.192706346856
Wheat,2023-03-22,2047.7279222758793
Wheat,2023-03-23,2047.2362241419055
Wheat,2023-03-24,2042.293268606151
Wheat,2023-03-25,2036.775322020072
Wheat,2023-03-26,2037.6747927758395
Wheat,2023-03-27,2044.6348042075624
Wheat,2023-03-28,2049.2263872375743
Wheat,2023-03-29,2041.3738842194582
Wheat,2023-03-30,2036.4257435366064
Wheat,2023-03-31,2041.1295994765476
Wheat,2023-04-01,2036.217162508856
Wheat,2023-04-02,2035.0939967588708
Wheat,2023-04-03,2037.8442572539936
Wheat,2023-04-04,2033.0025349796756
Wheat,2023-04-05,2033.5294125104053
Wheat,2023-04-06,2026.8592850358143
Wheat,2023-04-07,2023.852446816058
Wheat,2023-04-08,2025.451356486771
Wheat,2023-04-09,2017.4863878191125
Wheat,2023-04-10,2019.6887615089145
Wheat,2023-04-11,2019.5905725142811
Wheat,2023-04-12,2022.353022286367
Wheat,2023-04-13,2023.4725929566903
Wheat,2023-04-14,2030.2932951065593
Wheat,2023-04-15,2030.9194176197989
Wheat,2023-04-16,2028.7723899141727
Wheat,2023-04-17,2029.383877429334
Wheat,2023-04-18,2032.100367574516
Wheat,2023-04-19,2032.3446679261444
Wheat,2023-04-20,2032.547626382164
Wheat,2023-04-21,2029.0376679431301
Wheat,2023-04-22,2025.7231633553754
Wheat,2023-04-23,2018.710136996377
Wheat,2023-04-24,2027.4580207123117
Wheat,2023-04-25,2021.2387045353553
Wheat,2023-04-26,2017.7741785463757
Wheat,2023-04-27,2014.1821422185296
Wheat,2023-04-28,2018.6567641032518
Wheat,2023-04-29,2017.1820157117918
Wheat,2023-04-30,2023.4207260751605
Wheat,2023-05-01,2020.0532729539411
Wheat,2023-05-02,2021.4482437650602
Wheat,2023-05-03,2017.2715084987612
Wheat,2023-05-04,2027.9972541376283
Wheat,2023-05-05,2022.0592620424807
Wheat,2023-05-06,2023.6083655936159
Wheat,2023-05-07,2026.7772499982764
Wheat,2023-05-08,2028.846245485534
Wheat,2023-05-09,2027.9198071911453
Wheat,2023-05-10,2027.2707036924783
Wheat,2023-05-11,2027.4897610523738
Wheat,2023-05-12,2026.7547510442314
Wheat,2023-05-13,2031.5741466282059
Wheat,2023-05-14,2042.6267616361627
Wheat,2023-05-15,2039.8393027111233
Wheat,2023-05-16,2032.990287813228
Wheat,2023-05-17,2032.5488775714718
Wheat,2023-05-18,2045.4474242597435
Wheat,2023-05-19,2041.4290514198947
Wheat,2023-05-20,2049.624635447115
Wheat,2023-05-21,2058.013139517497
Wheat,2023-05-22,2055.2451983089572
Wheat,2023-05-23,2058.0901137048836
Wheat,2023-05-24,2066.2320968205263
Wheat,2023-05-25,2064.336458115589
Wheat,2023-05-26,2063.318556315077
Wheat,2023-05-27,2060.4101517453337
Wheat,2023-05-28,2055.3363680918696
Wheat,2023-05-29,2052.0899803665393
Wheat,2023-05-30,2045.9702790327283
Wheat,2023-05-31,2046.1406963740244
Wheat,2023-06-01,2042.2908302187311
Wheat,2023-06-02,2043.459759777685
Wheat,2023-06-03,2035.6802815466667
Wheat,2023-06-04,2037.334682707739
Wheat,2023-06-05,2041.5023275157837
Wheat,2023-06-06,2031.5336493029263
Wheat,2023-06-07,2033.4039321521643
Wheat,2023-06-08,2039.5422771145306
Wheat,2023-06-09,2033.4940720210748
Wheat,2023-06-10,2041.8569339552632
Wheat,2023-06-11,2043.9520290020935
Wheat,2023-06-12,2040.4269697233015
Wheat,2023-06-13,2040.1481243350129
Wheat,2023-06-14,2042.9397588976215
Wheat,2023-06-15,2043.3197858546835
Wheat,2023-06-16,2046.0135658169154
Wheat,2023-06-17,2041.4101978515184
Wheat,2023-06-18,2042.2570019716989
Wheat,2023-06-19,2035.188429487174
Wheat,2023-06-20,2034.6322991804304
Wheat,2023-06-21,2030.1127609731066
Wheat,2023-06-22,2026.4351112601578
Wheat,2023-06-23,2032.6155771362098
Wheat,2023-06-24,2038.0721277391813
Wheat,2023-06-25,2041.117818343717
Wheat,2023-06-26,2035.6562545203542
Wheat,2023-06-27,2034.0742122718802
Wheat,2023-06-28,2040.139700771776
Wheat,2023-06-29,2040.8482853399755
Wheat,2023-06-30,2052.444933039884
Wheat,2023-07-01,2054.411522236856
Wheat,2023-07-02,2055.371767819306
Wheat,2023-07-03,2053.8261854982934
Wheat,2023-07-04,2054.493890022205
Wheat,2023-07-05,2053.7315408403024
Wheat,2023-07-06,2057.2720842237454
Wheat,2023-07-07,2062.0555958077184
Wheat,2023-07-08,2058.1256485051786
Wheat,2023-07-09,2051.4694837373895
Wheat,2023-07-10,2042.288456871873
Wheat,2023-07-11,2044.8284135064357
Wheat,2023-07-12,2039.3115804755664
Wheat,2023-07-13,2028.5471275108039
Wheat,2023-07-14,2030.4900205334588
Wheat,2023-07-15,2042.9550181206228
Wheat,2023-07-16,2042.9246635629233
Wheat,2023-07-17,2047.1171174351816
Wheat,2023-07-18,2047.5262642279195
Wheat,2023-07-19,2047.0318159619637
Wheat,2023-07-20,2051.6271983769025
Wheat,2023-07-21,2050.175825655959
Wheat,2023-07-22,2051.512787226319
Wheat,2023-07-23,2053.1212762572986
Wheat,2023-07-24,2049.7808239890837
Wheat,2023-07-25,2054.741035736766
Wheat,2023-07-26,2053.866236953289
Wheat,2023-07-27,2050.087511155825
Wheat,2023-07-28,2052.770060373677
Wheat,2023-07-29,2048.277720464722
Wheat,2023-07-30,2048.4186262515673
Wheat,2023-07-31,2048.3730312683465
Wheat,2023-08-01,2053.8025090975043
Wheat,2023-08-02,2056.176000261904
Wheat,2023-08-03,2056.0508654681785
Wheat,2023-08-04,2060.1396969641796
Wheat,2023-08-05,2067.090734709266
Wheat,2023-08-06,2069.8797862410256
Wheat,2023-08-07,2069.931549340243
Wheat,2023-08-08,2063.372368178492
Wheat,2023-08-09,2058.0467998631148
Wheat,2023-08-10,2056.5206763413416
Wheat,2023-08-11,2053.473115330545
Wheat,2023-08-12,2052.538258815618
Wheat,2023-08-13,2052.8215084401036
Wheat,2023-08-14,2055.469972211887
Wheat,2023-08-15,2055.1174783215915
Wheat,2023-08-16,2057.549986540723
Wheat,2023-08-17,2057.8723586147735
Wheat,2023-08-18,2047.995025783004
Wheat,2023-08-19,2043.29834881391
Wheat,2023-08-20,2042.5779110353021
Wheat,2023-08-21,2036.5294373210966
Wheat,2023-08-22,2039.5290809710775
Wheat,2023-08-23,2047.182835132796
Wheat,2023-08-24,2053.2766443912824
Wheat,2023-08-25,2052.2094300366316
Wheat,2023-08-26,2059.6630607208813
Wheat,2023-08-27,2060.406398006892
Wheat,2023-08-28,2058.720968151302
Wheat,2023-08-29,2055.653954833597
Wheat,2023-08-30,2054.1416064011564
Wheat,2023-08-31,2052.20072230845
Wheat,2023-09-01,2053.0528034203276
Wheat,2023-09-02,2053.855673325577
Wheat,2023-09-03,2053.870903426344
Wheat,2023-09-04,2056.0555942750757
Wheat,2023-09-05,2062.0088256490076
Wheat,2023-09-06,2066.756596326214
Wheat,2023-09-07,2059.3321064839647
Wheat,2023-09-08,2046.5625008094548
Wheat,2023-09-09,2051.234100365651
Wheat,2023-09-10,2044.3997068735741
Wheat,2023-09-11,2043.2758798641107
Wheat,2023-09-12,2037.425314733814
Wheat,2023-09-13,2028.4154125459138
Wheat,2023-09-14,2031.1227261869378
Wheat,2023-09-15,2034.918501988451
Wheat,2023-09-16,2032.0359499848173
Wheat,2023-09-17,2019.0807385240928
Wheat,2023-09-18,2016.3495162828303
Wheat,2023-09-19,2018.3085363098432
Wheat,2023-09-20,2010.9139784659726
Wheat,2023-09-21,2011.8307780648684
Wheat,2023-09-22,2011.7542288190034
Wheat,2023-09-23,2014.6506863170089
Wheat,2023-09-24,2015.2485881590796
Wheat,2023-09-25,2010.3832434546719
Wheat,2023-09-26,2016.3661009629943
Wheat,2023-09-27,2015.5734530978593
Wheat,2023-09-28,2015.4369304003098
Wheat,2023-09-29,2010.7705906049437
Wheat,2023-09-30,2008.5541793489863
Wheat,2023-10-01,2004.1301657788517
Wheat,2023-10-02,2003.2654354792346
Wheat,2023-10-03,2011.8239778799464
Wheat,2023-10-04,2004.9644721652894
Wheat,2023-10-05,1996.8966651759058
Wheat,2023-10-06,2004.2525168133739
Wheat,2023-10-07,2003.2058984276146
Wheat,2023-10-08,1999.860534734315
Wheat,2023-10-09,2005.0600581712954
Wheat,2023-10-10,2002.031980472611
Wheat,2023-10-11,2011.1620290403457
Wheat,2023-10-12,2014.551658397042
Wheat,2023-10-13,2012.1121013563136
Wheat,2023-10-14,2022.898642422641
Wheat,2023-10-15,2019.8700678076243
Wheat,2023-10-16,2023.580544667671
Wheat,2023-10-17,2025.0770075697033
Wheat,2023-10-18,2031.5857140166972
Wheat,2023-10-19,2039.3932700003315
Wheat,2023-10-20,2039.5532907456604
Wheat,2023-10-21,2035.7862013939296
Wheat,2023-10-22,2038.0860621086251
Wheat,2023-10-23,2034.6974852598646
Wheat,2023-10-24,2044.7644214974976
Wheat,2023-10-25,2045.4470981529114
Wheat,2023-10-26,2043.6204903963508
Wheat,2023-10-27,2044.5438919256753
Wheat,2023-10-28,2037.8082604780268
Wheat,2023-10-29,2032.9501902854736
Wheat,2023-10-30,2038.9522598251956
Wheat,2023-10-31,2035.6677884303388
Wheat,2023-11-01,2030.433233516929
Wheat,2023-11-02,2033.1164972795655
Wheat,2023-11-03,2039.0450180528806
Wheat,2023-11-04,2042.6397846062057
Wheat,2023-11-05,2047.620023035235
Wheat,2023-11-06,2043.8360475923876
Wheat,2023-11-07,2036.7269942586784
Wheat,2023-11-08,2044.2336625184557
Wheat,2023-11-09,2042.6202633242451
Wheat,2023-11-10,2041.36609824197
Wheat,2023-11-11,2048.007068951215
Wheat,2023-11-12,2050.7882189982183
Wheat,2023-11-13,2053.0676578586263
Wheat,2023-11-14,2063.892669583132
Wheat,2023-11-15,2060.675078431231
Wheat,2023-11-16,2065.3142790716374
Wheat,2023-11-17,2065.599344696123
Wheat,2023-11-18,2066.942306090439
Wheat,2023-11-19,2074.5846482225015
Wheat,2023-11-20,2077.12382700395
Wheat,2023-11-21,2079.815307399198
Wheat,2023-11-22,2085.177844085747
Wheat,2023-11-23,2083.3530804380325
Wheat,2023-11-24,2079.157032101338
Wheat,2023-11-25,2073.9329861312326
Wheat,2023-11-26,2064.1012031843525
Wheat,2023-11-27,2074.382238834054
Wheat,2023-11-28,2068.8661970054454
Wheat,2023-11-29,2067.7599288875167
Wheat,2023-11-30,2066.375862388072
Wheat,2023-12-01,2067.9128958771175
Wheat,2023-12-02,2071.991581939814
Wheat,2023-12-03,2076.293949381613
Wheat,2023-12-04,2073.3785621887682
Wheat,2023-12-05,2072.542953619836
Wheat,2023-12-06,2073.9558533722775
Wheat,2023-12-07,2072.71239774136
Wheat,2023-12-08,2080.74912562146
Wheat,2023-12-09,2083.204000379651
Wheat,2023-12-10,2086.8783893099003
Wheat,2023-12-11,2090.192795653237
Wheat,2023-12-12,2096.060164940664
Wheat,2023-12-13,2096.9652727341822
Wheat,2023-12-14,2090.4811129944032
Wheat,2023-12-15,2092.4795527531664
Wheat,2023-12-16,2089.222768284207
Wheat,2023-12-17,2086.5796848754585
Wheat,2023-12-18,2089.511504969234
Wheat,2023-12-19,2095.702920326402
Wheat,2023-12-20,2095.809278210082
Wheat,2023-12-21,2097.353443273077
Wheat,2023-12-22,2105.864517996253
Wheat,2023-12-23,2107.0682838936964
Wheat,2023-12-24,2120.0766994645983
Wheat,2023-12-25,2122.9042476927557
Wheat,2023-12-26,2114.100433896977
Wheat,2023-12-27,2117.8671420024993
Wheat,2023-12-28,2119.7729339269135
Wheat,2023-12-29,2126.221697697327
Wheat,2023-12-30,2129.5876044536767
Wheat,2023-12-31,2128.895324533758
Wheat,2024-01-01,2122.773833352311
Wheat,2024-01-02,2121.728717065881
Wheat,2024-01-03,2117.4761147948343
Wheat,2024-01-04,2114.573497545811
Wheat,2024-01-05,2117.516389567914
Wheat,2024-01-06,2125.865912089671
Wheat,2024-01-07,2127.839269738786
Wheat,2024-01-08,2121.85985442861
Wheat,2024-01-09,2124.0828677697104
Wheat,2024-01-10,2130.066025202939
Wheat,2024-01-11,2127.017110681342
Wheat,2024-01-12,2126.3470248479775
Wheat,2024-01-13,2126.4204658216236
Wheat,2024-01-14,2122.4959742562123
Wheat,2024-01-15,2125.7373764254316
Wheat,2024-01-16,2125.1326356823924
Wheat,2024-01-17,2127.2302979019278
Wheat,2024-01-18,2122.792837012917
Wheat,2024-01-19,2120.6055455113
Wheat,2024-01-20,2124.217452300439
Wheat,2024-01-21,2122.35328653998
Wheat,2024-01-22,2130.9881057961475
Wheat,2024-01-23,2128.989924868074
Wheat,2024-01-24,2130.1133484968336
Wheat,2024-01-25,2134.7763026561993
Wheat,2024-01-26,2127.684473991534
Wheat,2024-01-27,2118.88042993163
Wheat,2024-01-28,2111.25214835878
Wheat,2024-01-29,2117.5650688759156
Wheat,2024-01-30,2114.805778146453
Wheat,2024-01-31,2127.5967745747944
Wheat,2024-02-01,2124.7755365815074
Wheat,2024-02-02,2125.6982930974928
Wheat,2024-02-03,2133.4088428603322
Wheat,2024-02-04,2143.439307301128
Wheat,2024-02-05,2153.7468251843097
Wheat,2024-02-06,2159.7886563372754
Wheat,2024-02-07,2164.908968966333
Wheat,2024-02-08,2167.8716037123386
Wheat,2024-02-09,2171.763409093172
Wheat,2024-02-10,2169.007480511529
Wheat,2024-02-11,2164.9164860944175
Wheat,2024-02-12,2164.899613807363
Wheat,2024-02-13,2164.048690694738
Wheat,2024-02-14,2161.782550448102
Wheat,2024-02-15,2165.2644876853856
Wheat,2024-02-16,2170.041013728238
Wheat,2024-02-17,2170.4830481596973
Wheat,2024-02-18,2177.8706985649737
Wheat,2024-02-19,2172.162252994306
Wheat,2024-02-20,2171.1939556979073
Wheat,2024-02-21,2167.6098440948936
Wheat,2024-02-22,2158.2771610095283
Wheat,2024-02-23,2157.8637575803145
Wheat,2024-02-24,2157.2550200383985
Wheat,2024-02-25,2164.822268754609
Wheat,2024-02-26,2167.9763271773827
Wheat,2024-02-27,2162.855393055737
Wheat,2024-02-28,2172.125855887408
Wheat,2024-02-29,2178.2310243650345
Wheat,2024-03-01,2181.1415128823774
Wheat,2024-03-02,2180.0090923881285
Wheat,2024-03-03,2175.211896204511
Wheat,2024-03-04,2173.350862324156
Wheat,2024-03-05,2178.794605422677
Wheat,2024-03-06,2188.2175369523497
Wheat,2024-03-07,2195.9337545937105
Wheat,2024-03-08,2193.489507484779
Wheat,2024-03-09,2187.8914203183344
Wheat,2024-03-10,2188.59585155289
Wheat,2024-03-11,2179.753654725076
Wheat,2024-03-12,2181.3694932959997
Wheat,2024-03-13,2180.6314803645064
Wheat,2024-03-14,2178.3012978551656
Wheat,2024-03-15,2170.3277825188316
Wheat,2024-03-16,2172.89578305168
Wheat,2024-03-17,2170.23227885337
Wheat,2024-03-18,2164.382694674819
Wheat,2024-03-19,2150.021383608411
Wheat,2024-03-20,2149.8838090831578
Wheat,2024-03-21,2158.745067066506
Wheat,2024-03-22,2167.0513631392455
Wheat,2024-03-23,2164.765881856314
Wheat,2024-03-24,2161.7548215545053
Wheat,2024-03-25,2164.0986928348807
Wheat,2024-03-26,2159.106765638939
Wheat,2024-03-27,2160.6157251380364
Wheat,2024-03-28,2164.4461265299597
Wheat,2024-03-29,2170.5807926493812
Wheat,2024-03-30,2170.0800222669814
Wheat,2024-03-31,2169.0616535160966
Wheat,2024-04-01,2164.6717405823138
Wheat,2024-04-02,2160.5373388121147
Wheat,2024-04-03,2159.404944352607
Wheat,2024-04-04,2161.241771886688
Wheat,2024-04-05,2165.809695017854
Wheat,2024-04-06,2161.7938002644523
Wheat,2024-04-07,2169.2572431092503
Wheat,2024-04-08,2167.9016251040375
Wheat,2024-04-09,2167.794788632295
Wheat,2024-04-10,2164.058730236556
Wheat,2024-04-11,2151.9375289351915
Wheat,2024-04-12,2156.3577559169967
Wheat,2024-04-13,2160.041975402459
Wheat,2024-04-14,2158.6353376168677
Wheat,2024-04-15,2158.970291202992
Wheat,2024-04-16,2161.5499872915125
Wheat,2024-04-17,2153.7372580070796
Wheat,2024-04-18,2151.0919946203485
Wheat,2024-04-19,2155.0633180184577
Wheat,2024-04-20,2148.791870902611
Wheat,2024-04-21,2150.2596605634444
Wheat,2024-04-22,2143.4767515403273
Wheat,2024-04-23,2145.808901452495
Wheat,2024-04-24,2145.6306940410077
Wheat,2024-04-25,2137.55503496148
Wheat,2024-04-26,2143.378731733766
Wheat,2024-04-27,2139.7057738497756
Wheat,2024-04-28,2135.654511664704
Wheat,2024-04-29,2136.6573576508586
Wheat,2024-04-30,2142.4005443980022
Wheat,2024-05-01,2137.32143530311
Wheat,2024-05-02,2137.62983455235
Wheat,2024-05-03,2139.7739170540026
Wheat,2024-05-04,2143.2394450903184
Wheat,2024-05-05,2144.1216528667046
Wheat,2024-05-06,2142.286513671288
Wheat,2024-05-07,2138.1485625680443
Wheat,2024-05-08,2138.5792819832764
Wheat,2024-05-09,2133.218586923348
Wheat,2024-05-10,2118.6118345058753
Wheat,2024-05-11,2120.7946335266633
Wheat,2024-05-12,2125.3143077320947
Wheat,2024-05-13,2113.4996455543856
Wheat,2024-05-14,2108.4509920308356
Wheat,2024-05-15,2111.5467633358617
Wheat,2024-05-16,2121.8342406844204
Wheat,2024-05-17,2121.938209222797
Wheat,2024-05-18,2118.2981945166516
Wheat,2024-05-19,2117.3837123111275
Wheat,2024-05-20,2124.258094406868
Wheat,2024-05-21,2121.0282735112455
Wheat,2024-05-22,2117.032313477994
Wheat,2024-05-23,2114.618595867084
Wheat,2024-05-24,2109.8519528257907
Wheat,2024-05-25,2110.4653044057645
Wheat,2024-05-26,2118.5886966981125
Wheat,2024-05-27,2120.2040930636927
Wheat,2024-05-28,2118.942325553061
Wheat,2024-05-29,2117.4832692084833
Wheat,2024-05-30,2109.667315165
Wheat,2024-05-31,2114.082864050736
Wheat,2024-06-01,2113.693678065672
Wheat,2024-06-02,2112.791278497719
Wheat,2024-06-03,2128.7568163369433
Wheat,2024-06-04,2130.2505808787714
Wheat,2024-06-05,2126.491625628296
Wheat,2024-06-06,2124.359837647268
Wheat,2024-06-07,2130.1020661932516
Wheat,2024-06-08,2130.6684182459403
Wheat,2024-06-09,2123.477028354354
Wheat,2024-06-10,2128.0731730272296
Wheat,2024-06-11,2124.7324525995346
Wheat,2024-06-12,2134.0989414806227
Wheat,2024-06-13,2139.4991818091958
Wheat,2024-06-14,2137.262572330902
Wheat,2024-06-15,2143.6676541395773
Wheat,2024-06-16,2144.0069316922145
Wheat,2024-06-17,2148.270800067826
Wheat,2024-06-18,2150.694464154298
Wheat,2024-06-19,2146.4626808793437
Wheat,2024-06-20,2143.244931717756
Wheat,2024-06-21,2148.394735805662
Wheat,2024-06-22,2146.7208591451295
Wheat,2024-06-23,2144.7026168289194
Wheat,2024-06-24,2139.9270039321727
Wheat,2024-06-25,2142.0449992601402
Wheat,2024-06-26,2152.3576238563555
Wheat,2024-06-27,2147.0199592850845
Wheat,2024-06-28,2147.141056568448
Wheat,2024-06-29,2154.202159345525
Wheat,2024-06-30,2153.8039523892967
Wheat,2024-07-01,2156.0658113705454
Wheat,2024-07-02,2150.753843729811
Wheat,2024-07-03,2152.895379215849
Wheat,2024-07-04,2151.9596578908267
Wheat,2024-07-05,2156.888307869226
Wheat,2024-07-06,2162.8252381270495
Wheat,2024-07-07,2175.773056337143
Wheat,2024-07-08,2178.6712222032106
Wheat,2024-07-09,2180.3002037861215
Wheat,2024-07-10,2181.272125294008
Wheat,2024-07-11,2179.5062938299548
Wheat,2024-07-12,2181.198713047263
Wheat,2024-07-13,2179.721705996568
Wheat,2024-07-14,2180.564010877916
Wheat,2024-07-15,2187.1519985559557
Wheat,2024-07-16,2182.1192857295578
Wheat,2024-07-17,2187.8186785352027
Wheat,2024-07-18,2194.4042538719023
Wheat,2024-07-19,2193.8139112369468
Wheat,2024-07-20,2183.204636741904
Wheat,2024-07-21,2180.1655268064314
Wheat,2024-07-22,2186.650499539237
Wheat,2024-07-23,2186.5361592277427
Wheat,2024-07-24,2181.5396480662685
Wheat,2024-07-25,2179.015773460127
Wheat,2024-07-26,2183.2188735926497
Wheat,2024-07-27,2185.9525414336567
Wheat,2024-07-28,2184.7578809378083
Wheat,2024-07-29,2182.923758878735
Wheat,2024-07-30,2180.964968133516
Wheat,2024-07-31,2176.3529172110234
Wheat,2024-08-01,2184.4297956583705
Wheat,2024-08-02,2182.8181933123137
Wheat,2024-08-03,2188.9039859164413
Wheat,2024-08-04,2196.5105661760535
Wheat,2024-08-05,2201.5021206667934
Wheat,2024-08-06,2199.344019103203
Wheat,2024-08-07,2201.362669554886
Wheat,2024-08-08,2201.2416915229314
Wheat,2024-08-09,2196.7231822192807
Wheat,2024-08-10,2198.344978627889
Wheat,2024-08-11,2192.44977967209
Wheat,2024-08-12,2198.3881766143977
Wheat,2024-08-13,2196.065090127906
Wheat,2024-08-14,2197.07088840727
Wheat,2024-08-15,2198.487327765001
Wheat,2024-08-16,2197.1928028964803
Wheat,2024-08-17,2200.126271903857
Wheat,2024-08-18,2197.751753620744
Wheat,2024-08-19,2202.1082401080303
Wheat,2024-08-20,2195.3783417067966
Wheat,2024-08-21,2196.0102396045286
Wheat,2024-08-22,2205.7048845998197
Wheat,2024-08-23,2200.703227976792
Wheat,2024-08-24,2197.314503124168
Wheat,2024-08-25,2199.8840423724623
Wheat,2024-08-26,2200.78195128216
Wheat,2024-08-27,2202.5351017785283
Wheat,2024-08-28,2204.9810374292665
Wheat,2024-08-29,2208.1546447720752
Wheat,2024-08-30,2213.7031439818566
Wheat,2024-08-31,2215.752237266499
Wheat,2024-09-01,2214.5459489934065
Wheat,2024-09-02,2217.90881749942
Wheat,2024-09-03,2227.408227173896
Wheat,2024-09-04,2226.745058441983
Wheat,2024-09-05,2221.87241191863
Wheat,2024-09-06,2227.407815265065
Wheat,2024-09-07,2226.805909445297
Wheat,2024-09-08,2215.9425617152265
Wheat,2024-09-09,2220.179670100979
Wheat,2024-09-10,2217.503029171209
Wheat,2024-09-11,2217.050362759688
Wheat,2024-09-12,2218.7102644125334
Wheat,2024-09-13,2219.662762811429
Wheat,2024-09-14,2223.210021897124
Wheat,2024-09-15,2221.032590044275
Wheat,2024-09-16,2223.598119035155
Wheat,2024-09-17,2222.3003856472355
Wheat,2024-09-18,2225.994438051673
Wheat,2024-09-19,2229.0712754717383
Wheat,2024-09-20,2224.3940819615154
Wheat,2024-09-21,2229.8239925423904
Wheat,2024-09-22,2227.14417531682
Wheat,2024-09-23,2231.184464308226
Wheat,2024-09-24,2233.0209008752327
Wheat,2024-09-25,2242.2118192592084
Wheat,2024-09-26,2241.094489347349
Wheat,2024-09-27,2239.347905366758
Wheat,2024-09-28,2239.250807337319
Wheat,2024-09-29,2237.734908423148
Wheat,2024-09-30,2241.7346179328583
Wheat,2024-10-01,2233.6530648906755
Wheat,2024-10-02,2228.3846527949436
Wheat,2024-10-03,2223.0456381870476
Wheat,2024-10-04,2227.7971761469157
Wheat,2024-10-05,2236.350243009825
Wheat,2024-10-06,2235.827996917138
Wheat,2024-10-07,2234.983888301188
Wheat,2024-10-08,2235.334149116754
Wheat,2024-10-09,2241.1435406297946
Wheat,2024-10-10,2236.5067749588416
Wheat,2024-10-11,2237.698619872516
Wheat,2024-10-12,2242.574608021428
Wheat,2024-10-13,2245.080078871127
Wheat,2024-10-14,2246.027986954121
Wheat,2024-10-15,2251.0332174169566
Wheat,2024-10-16,2237.51705595196
Wheat,2024-10-17,2240.9064325496147
Wheat,2024-10-18,2237.6360541339777
Wheat,2024-10-19,2228.4828896496956
Wheat,2024-10-20,2231.0389026473204
Wheat,2024-10-21,2237.907195373135
Wheat,2024-10-22,2237.2199527999965
Wheat,2024-10-23,2241.9843255360115
Wheat,2024-10-24,2250.0457168259545
Wheat,2024-10-25,2256.620289093875
Wheat,2024-10-26,2264.8201117407316
Wheat,2024-10-27,2268.530749196091
Wheat,2024-10-28,2268.9079173905993
Wheat,2024-10-29,2260.8980883311133
Wheat,2024-10-30,2259.6677758904634
Wheat,2024-10-31,2255.451542913883
Wheat,2024-11-01,2266.3062565013715
Wheat,2024-11-02,2265.4268274392102
Wheat,2024-11-03,2266.0428514731325
Wheat,2024-11-04,2268.8002783533348
Wheat,2024-11-05,2269.018290585197
Wheat,2024-11-06,2277.4935457873507
Wheat,2024-11-07,2274.3802989786786
Wheat,2024-11-08,2275.3533362548646
Wheat,2024-11-09,2271.6409833263747
Wheat,2024-11-10,2265.040870770271
Wheat,2024-11-11,2261.9820253157445
Wheat,2024-11-12,2261.7968413305025
Wheat,2024-11-13,2259.6503302079163
Wheat,2024-11-14,2256.188225308547
Wheat,2024-11-15,2249.156637990188
Wheat,2024-11-16,2248.7411101270445
Wheat,2024-11-17,2241.2175082568892
Wheat,2024-11-18,2245.017788075337
Wheat,2024-11-19,2245.42998684001
Wheat,2024-11-20,2238.142229342685
Wheat,2024-11-21,2236.5961839574356
Wheat,2024-11-22,2232.835401929483
Wheat,2024-11-23,2234.431274481579
Wheat,2024-11-24,2241.1335267116947
Wheat,2024-11-25,2231.7576643634657
Wheat,2024-11-26,2232.332794759203
Wheat,2024-11-27,2231.5321307813697
Wheat,2024-11-28,2234.888831163622
Wheat,2024-11-29,2235.9548143048105
Wheat,2024-11-30,2232.1949676461163
Wheat,2024-12-01,2230.5996979677834
Wheat,2024-12-02,2226.619568683766
Wheat,2024-12-03,2231.9996043767587
Wheat,2024-12-04,2232.1061626201185
Wheat,2024-12-05,2241.6121160488838
Wheat,2024-12-06,2241.3088119798103
Wheat,2024-12-07,2237.7667781452583
Wheat,2024-12-08,2230.198206182194
Wheat,2024-12-09,2221.182507800914
Wheat,2024-12-10,2213.261828085887
Wheat,2024-12-11,2214.5974613409444
Wheat,2024-12-12,2217.141086457094
Wheat,2024-12-13,2209.2351329469334
Wheat,2024-12-14,2213.710324517314
Wheat,2024-12-15,2211.2950192588964
Wheat,2024-12-16,2212.0289843188243
Wheat,2024-12-17,2220.0900874601016
Wheat,2024-12-18,2224.574284039429
Wheat,2024-12-19,2223.2316307999
Wheat,2024-12-20,2218.7756696728234
Wheat,2024-12-21,2208.016592666177
Wheat,2024-12-22,2204.4208260699647
Wheat,2024-12-23,2203.3651748758266
Wheat,2024-12-24,2198.4292772400704
Wheat,2024-12-25,2197.772992404609
Wheat,2024-12-26,2198.157251819403
Wheat,2024-12-27,2197.0329719103624
Wheat,2024-12-28,2193.782959006245
Wheat,2024-12-29,2194.6262323660785
Wheat,2024-12-30,2196.835935613926
Wheat,2024-12-31,2191.3839402267117
Rice,2020-01-01,2205.643729518985
Rice,2020-01-02,2205.249376989848
Rice,2020-01-03,2205.3247754816275
Rice,2020-01-04,2208.1576331746537
Rice,2020-01-05,2209.0904976997076
Rice,2020-01-06,2212.9030442353605
Rice,2020-01-07,2214.051540896168
Rice,2020-01-08,2211.601791397606
Rice,2020-01-09,2213.0478054984305
Rice,2020-01-10,2208.4729006691477
Rice,2020-01-11,2208.907139492254
Rice,2020-01-12,2208.774219529676
Rice,2020-01-13,2207.941752100586
Rice,2020-01-14,2207.4276020548305
Rice,2020-01-15,2199.9002058728397
Rice,2020-01-16,2197.705306241876
Rice,2020-01-17,2198.0766858464403
Rice,2020-01-18,2198.71611141443
Rice,2020-01-19,2194.605410850726
Rice,2020-01-20,2199.668242214185
Rice,2020-01-21,2196.203542821327
Rice,2020-01-22,2200.081371623434
Rice,2020-01-23,2201.7901490709205
Rice,2020-01-24,2199.2052398315454
Rice,2020-01-25,2206.3064834019833
Rice,2020-01-26,2201.5319360749577
Rice,2020-01-27,2205.2085527693976
Rice,2020-01-28,2209.2108820415697
Rice,2020-01-29,2206.528401205263
Rice,2020-01-30,2212.09826240552
Rice,2020-01-31,2211.0980763471243
Rice,2020-02-01,2212.252850864244
Rice,2020-02-02,2213.2941382193285
Rice,2020-02-03,2212.7569032534466
Rice,2020-02-04,2216.0001363460856
Rice,2020-02-05,2219.1740912282944
Rice,2020-02-06,2212.1799633353417
Rice,2020-02-07,2217.3973243068544
Rice,2020-02-08,2210.747356354712
Rice,2020-02-09,2214.8775411720785
Rice,2020-02-10,2219.384361719389
Rice,2020-02-11,2215.0204959985276
Rice,2020-02-12,2213.3772388467096
Rice,2020-02-13,2208.954420172766
Rice,2020-02-14,2208.0947360516107
Rice,2020-02-15,2206.8625989148677
Rice,2020-02-16,2209.9812410439454
Rice,2020-02-17,2215.2224760284234
Rice,2020-02-18,2220.8052112715836
Rice,2020-02-19,2218.5565391652704
Rice,2020-02-20,2217.719651670292
Rice,2020-02-21,2210.9858989014083
Rice,2020-02-22,2207.7624186354237
Rice,2020-02-23,2211.6218251678133
Rice,2020-02-24,2218.0841564620064
Rice,2020-02-25,2213.146760974487
Rice,2020-02-26,2210.776903937875
Rice,2020-02-27,2210.6712809100395
Rice,2020-02-28,2211.791925545318
Rice,2020-02-29,2208.5535114656313
Rice,2020-03-01,2210.249755643488
Rice,2020-03-02,2208.3543982552037
Rice,2020-03-03,2208.296589171691
Rice,2020-03-04,2210.4817261637054
Rice,2020-03-05,2210.5074152429493
Rice,2020-03-06,2208.761871680843
Rice,2020-03-07,2208.32343246514
Rice,2020-03-08,2207.9699806283184
Rice,2020-03-09,2206.48993650879
Rice,2020-03-10,2205.4547522581215
Rice,2020-03-11,2211.8493409401403
Rice,2020-03-12,2214.0930187319054
Rice,2020-03-13,2212.911097459789
Rice,2020-03-14,2215.6989150778318
Rice,2020-03-15,2214.3636371188077
Rice,2020-03-16,2219.056135669154
Rice,2020-03-17,2220.5347044379464
Rice,2020-03-18,2220.1054958619297
Rice,2020-03-19,2221.8963635651708
Rice,2020-03-20,2215.6128589568966
Rice,2020-03-21,2211.1057890812576
Rice,2020-03-22,2206.330089055661
Rice,2020-03-23,2206.901861434716
Rice,2020-03-24,2213.8319214326566
Rice,2020-03-25,2222.757122017427
Rice,2020-03-26,2225.30932642319
Rice,2020-03-27,2227.312704322968
Rice,2020-03-28,2220.1084733863568
Rice,2020-03-29,2217.937778187421
Rice,2020-03-30,2214.786643179788
Rice,2020-03-31,2212.3032527867836
Rice,2020-04-01,2211.6306775124444
Rice,2020-04-02,2209.742315201656
Rice,2020-04-03,2201.8251159601527
Rice,2020-04-04,2204.8167569846228
Rice,2020-04-05,2200.5257848816636
Rice,2020-04-06,2201.482772338108
Rice,2020-04-07,2209.779103017108
Rice,2020-04-08,2206.101564650762
Rice,2020-04-09,2195.980414559777
Rice,2020-04-10,2194.8363976722567
Rice,2020-04-11,2199.2402362122507
Rice,2020-04-12,2207.0736260291333
Rice,2020-04-13,2202.1554276513234
Rice,2020-04-14,2204.1422245442695
Rice,2020-04-15,2202.2809827171495
Rice,2020-04-16,2201.857189299933
Rice,2020-04-17,2212.434562688001
Rice,2020-04-18,2206.4226813744203
Rice,2020-04-19,2207.4376400203987
Rice,2020-04-20,2209.3084127074603
Rice,2020-04-21,2213.651558007218
Rice,2020-04-22,2214.0434906211012
Rice,2020-04-23,2215.275692779118
Rice,2020-04-24,2213.7090985094305
Rice,2020-04-25,2214.785606274411
Rice,2020-04-26,2213.4128371724214
Rice,2020-04-27,2215.8991247318454
Rice,2020-04-28,2214.420683387671
Rice,2020-04-29,2215.92908496328
Rice,2020-04-30,2215.8120337085397
Rice,2020-05-01,2220.3162347116286
Rice,2020-05-02,2220.1106598172746
Rice,2020-05-03,2213.018529944447
Rice,2020-05-04,2218.066215947303
Rice,2020-05-05,2214.4432867438527
Rice,2020-05-06,2211.828221389257
Rice,2020-05-07,2209.4455762130833
Rice,2020-05-08,2214.9433285857667
Rice,2020-05-09,2206.4006317298517
Rice,2020-05-10,2218.9516258644917
Rice,2020-05-11,2223.175853100756
Rice,2020-05-12,2224.0688087572726
Rice,2020-05-13,2223.8492327548074
Rice,2020-05-14,2224.9914490542383
Rice,2020-05-15,2227.0759387677554
Rice,2020-05-16,2229.6568011115555
Rice,2020-05-17,2231.8792189755695
Rice,2020-05-18,2232.2375417005906
Rice,2020-05-19,2231.448188019361
Rice,2020-05-20,2230.843094884747
Rice,2020-05-21,2230.0634617633364
Rice,2020-05-22,2234.598542150805
Rice,2020-05-23,2236.972769039928
Rice,2020-05-24,2225.211214501271
Rice,2020-05-25,2227.83481760739
Rice,2020-05-26,2228.613762386265
Rice,2020-05-27,2228.5389273604815
Rice,2020-05-28,2226.984853548126
Rice,2020-05-29,2231.48130442807
Rice,2020-05-30,2235.2714102765617
Rice,2020-05-31,2232.179899605267
Rice,2020-06-01,2233.8081087537653
Rice,2020-06-02,2229.9214818156
Rice,2020-06-03,2224.403009156444
Rice,2020-06-04,2221.8961402580844
Rice,2020-06-05,2225.3457141476156
Rice,2020-06-06,2229.15821432912
Rice,2020-06-07,2231.210556009509
Rice,2020-06-08,2234.110939156901
Rice,2020-06-09,2236.175652305361
Rice,2020-06-10,2233.609725924469
Rice,2020-06-11,2235.3374161031647
Rice,2020-06-12,2238.5390542040755
Rice,2020-06-13,2241.5562195233297
Rice,2020-06-14,2246.3118730092283
Rice,2020-06-15,2249.145088398033
Rice,2020-06-16,2250.550881228199
Rice,2020-06-17,2254.8314821814647
Rice,2020-06-18,2254.7253971444684
Rice,2020-06-19,2251.1978985395576
Rice,2020-06-20,2250.5456306837827
Rice,2020-06-21,2247.5660201045566
Rice,2020-06-22,2244.8653070046594
Rice,2020-06-23,2244.287232321797
Rice,2020-06-24,2241.1175526377974
Rice,2020-06-25,2239.885706519241
Rice,2020-06-26,2232.311247851426
Rice,2020-06-27,2233.1644226809176
Rice,2020-06-28,2233.1692445823664
Rice,2020-06-29,2229.900890058094
Rice,2020-06-30,2232.5378727318234
Rice,2020-07-01,2236.28815328233
Rice,2020-07-02,2229.8579138248538
Rice,2020-07-03,2226.807014710589
Rice,2020-07-04,2223.73044531144
Rice,2020-07-05,2219.9708329070045
Rice,2020-07-06,2223.2887322747315
Rice,2020-07-07,2222.5134277196403
Rice,2020-07-08,2221.4553683543977
Rice,2020-07-09,2213.4399188967705
Rice,2020-07-10,2215.9815910176076
Rice,2020-07-11,2211.024557438194
Rice,2020-07-12,2211.264287959259
Rice,2020-07-13,2212.3737957110916
Rice,2020-07-14,2217.8164300944463
Rice,2020-07-15,2212.58114849797
Rice,2020-07-16,2200.5030998746865
Rice,2020-07-17,2201.2384980537013
Rice,2020-07-18,2208.4405427797446
Rice,2020-07-19,2213.3963281915026
Rice,2020-07-20,2214.234965852601
Rice,2020-07-21,2212.2684211100727
Rice,2020-07-22,2215.496911496622
Rice,2020-07-23,2211.6027266978044
Rice,2020-07-24,2213.508157775229
Rice,2020-07-25,2215.5300384118955
Rice,2020-07-26,2219.770878041891
Rice,2020-07-27,2230.8095181975355
Rice,2020-07-28,2232.3791820662505
Rice,2020-07-29,2230.3433275634206
Rice,2020-07-30,2230.2410303146526
Rice,2020-07-31,2223.164726695096
Rice,2020-08-01,2220.38587417074
Rice,2020-08-02,2218.7487444182875
Rice,2020-08-03,2216.652390826549
Rice,2020-08-04,2217.2618103146838
Rice,2020-08-05,2213.972130585155
Rice,2020-08-06,2218.456253254453
Rice,2020-08-07,2218.457081514126
Rice,2020-08-08,2218.4198802295714
Rice,2020-08-09,2217.10830136352
Rice,2020-08-10,2217.7290640989554
Rice,2020-08-11,2221.029457157626
Rice,2020-08-12,2217.5609362947826
Rice,2020-08-13,2214.9284703384815
Rice,2020-08-14,2213.713566223375
Rice,2020-08-15,2208.330082529482
Rice,2020-08-16,2205.053051090596
Rice,2020-08-17,2203.1481675964174
Rice,2020-08-18,2206.645724319268
Rice,2020-08-19,2207.695969635276
Rice,2020-08-20,2208.4703292807462
Rice,2020-08-21,2211.873921129418
Rice,2020-08-22,2211.3244339758203
Rice,2020-08-23,2212.886293375536
Rice,2020-08-24,2212.473406363806
Rice,2020-08-25,2213.5348557614047
Rice,2020-08-26,2211.203821130958
Rice,2020-08-27,2201.4485524978527
Rice,2020-08-28,2200.9114358491074
Rice,2020-08-29,2206.602428393507
Rice,2020-08-30,2210.3072900024736
Rice,2020-08-31,2214.168879940838
Rice,2020-09-01,2219.113402828063
Rice,2020-09-02,2219.4680331919085
Rice,2020-09-03,2220.257296021531
Rice,2020-09-04,2217.7866884397936
Rice,2020-09-05,2216.5223970156853
Rice,2020-09-06,2218.98548161477
Rice,2020-09-07,2223.8010193634454
Rice,2020-09-08,2223.2432342607212
Rice,2020-09-09,2221.442477201316
Rice,2020-09-10,2221.444589036742
Rice,2020-09-11,2223.8494160324585
Rice,2020-09-12,2218.073996767924
Rice,2020-09-13,2208.8892729553754
Rice,2020-09-14,2206.687125557409
Rice,2020-09-15,2201.8042758537526
Rice,2020-09-16,2199.7717150631634
Rice,2020-09-17,2199.1805937878935
Rice,2020-09-18,2197.367600151801
Rice,2020-09-19,2203.177470289684
Rice,2020-09-20,2204.4844493480937
Rice,2020-09-21,2205.686346786537
Rice,2020-09-22,2208.1751753627104
Rice,2020-09-23,2203.6198428915873
Rice,2020-09-24,2207.7762900412686
Rice,2020-09-25,2207.473232895127
Rice,2020-09-26,2210.1551553640916
Rice,2020-09-27,2205.867726431931
Rice,2020-09-28,2199.6526913678667
Rice,2020-09-29,2202.924249999967
Rice,2020-09-30,2204.429888104357
Rice,2020-10-01,2200.821681886927
Rice,2020-10-02,2197.3430295618277
Rice,2020-10-03,2201.844768699487
Rice,2020-10-04,2197.0871211280178
Rice,2020-10-05,2203.6578129410414
Rice,2020-10-06,2200.05533000245
Rice,2020-10-07,2202.6088977048835
Rice,2020-10-08,2201.2944238018877
Rice,2020-10-09,2203.707173526217
Rice,2020-10-10,2201.5307175177604
Rice,2020-10-11,2200.879545893471
Rice,2020-10-12,2201.043222595054
Rice,2020-10-13,2197.034472771928
Rice,2020-10-14,2199.9977701536086
Rice,2020-10-15,2197.9449158877223
Rice,2020-10-16,2197.030516226362
Rice,2020-10-17,2193.053118727928
Rice,2020-10-18,2182.803784092747
Rice,2020-10-19,2182.0396730423463
Rice,2020-10-20,2191.690134728798
Rice,2020-10-21,2194.82855188039
Rice,2020-10-22,2194.7515103614523
Rice,2020-10-23,2193.6999470446194
Rice,2020-10-24,2193.7898106158673
Rice,2020-10-25,2195.9782870765684
Rice,2020-10-26,2191.255035815333
Rice,2020-10-27,2195.7123225940086
Rice,2020-10-28,2198.5738478557732
Rice,2020-10-29,2201.446590758605
Rice,2020-10-30,2203.200493713844
Rice,2020-10-31,2203.27896034462
Rice,2020-11-01,2205.970405288487
Rice,2020-11-02,2208.337661823453
Rice,2020-11-03,2206.9214989796887
Rice,2020-11-04,2204.627091888101
Rice,2020-11-05,2205.034517069149
Rice,2020-11-06,2211.23059767513
Rice,2020-11-07,2206.2741693725143
Rice,2020-11-08,2200.4040683095045
Rice,2020-11-09,2201.0631116744507
Rice,2020-11-10,2201.2666624818744
Rice,2020-11-11,2201.9600291393563
Rice,2020-11-12,2202.93584193099
Rice,2020-11-13,2202.043032912451
Rice,2020-11-14,2208.002486666859
Rice,2020-11-15,2201.598870752953
Rice,2020-11-16,2198.2848826538325
Rice,2020-11-17,2197.871863613236
Rice,2020-11-18,2191.2991083686193
Rice,2020-11-19,2190.595690750891
Rice,2020-11-20,2197.2415714138033
Rice,2020-11-21,2197.325117366987
Rice,2020-11-22,2198.247920989862
Rice,2020-11-23,2193.2072619291716
Rice,2020-11-24,2190.7418162970134
Rice,2020-11-25,2189.2410307757177
Rice,2020-11-26,2187.970170388693
Rice,2020-11-27,2193.096745568708
Rice,2020-11-28,2195.3275098116083
Rice,2020-11-29,2190.8816779838603
Rice,2020-11-30,2191.8676970975885
Rice,2020-12-01,2193.8605840915757
Rice,2020-12-02,2198.4211802456607
Rice,2020-12-03,2204.7433429919342
Rice,2020-12-04,2200.6829662246228
Rice,2020-12-05,2197.439536179781
Rice,2020-12-06,2192.4092247441226
Rice,2020-12-07,2191.4731453076947
Rice,2020-12-08,2193.33857880548
Rice,2020-12-09,2197.2879168718364
Rice,2020-12-10,2196.9841127772665
Rice,2020-12-11,2195.704722684247
Rice,2020-12-12,2196.311754653242
Rice,2020-12-13,2192.9711830467218
Rice,2020-12-14,2201.329337933501
Rice,2020-12-15,2194.8986938250287
Rice,2020-12-16,2195.637656140612
Rice,2020-12-17,2203.73208101753
Rice,2020-12-18,2203.7592803957705
Rice,2020-12-19,2202.9991242557644
Rice,2020-12-20,2201.5693425645227
Rice,2020-12-21,2200.847775837473
Rice,2020-12-22,2206.339169736179
Rice,2020-12-23,2197.491722090861
Rice,2020-12-24,2203.625456896046
Rice,2020-12-25,2197.9296282862456
Rice,2020-12-26,2196.863018969308
Rice,2020-12-27,2195.1460412881133
Rice,2020-12-28,2197.5002543671962
Rice,2020-12-29,2191.1077569596614
Rice,2020-12-30,2192.9564476239893
Rice,2020-12-31,2201.0536861171367
Rice,2021-01-01,2195.600990098765
Rice,2021-01-02,2196.359814769207
Rice,2021-01-03,2193.7118860580204
Rice,2021-01-04,2195.4154348827924
Rice,2021-01-05,2195.4920259924556
Rice,2021-01-06,2192.926078356278
Rice,2021-01-07,2194.877567495763
Rice,2021-01-08,2202.0949599349096
Rice,2021-01-09,2201.3313447680002
Rice,2021-01-10,2204.2103765365932
Rice,2021-01-11,2199.0372847051085
Rice,2021-01-12,2195.2115391978364
Rice,2021-01-13,2197.101164309358
Rice,2021-01-14,2203.0376284235017
Rice,2021-01-15,2204.4600818186445
Rice,2021-01-16,2203.207849696552
Rice,2021-01-17,2203.2050153182454
Rice,2021-01-18,2198.2033843823665
Rice,2021-01-19,2200.621445687788
Rice,2021-01-20,2204.1507779370813
Rice,2021-01-21,2202.3424166057493
Rice,2021-01-22,2200.4622480147113
Rice,2021-01-23,2201.5257609333194
Rice,2021-01-24,2199.778881989157
Rice,2021-01-25,2199.5143515306536
Rice,2021-01-26,2207.91323868732
Rice,2021-01-27,2206.9251358843358
Rice,2021-01-28,2205.491775276251
Rice,2021-01-29,2202.9016080537103
Rice,2021-01-30,2205.87837593971
Rice,2021-01-31,2205.1534792468374
Rice,2021-02-01,2202.5559870935517
Rice,2021-02-02,2207.841203222644
Rice,2021-02-03,2213.5196152406984
Rice,2021-02-04,2211.117920977744
Rice,2021-02-05,2203.651761172301
Rice,2021-02-06,2207.681815931649
Rice,2021-02-07,2204.943296628609
Rice,2021-02-08,2208.10579902526
Rice,2021-02-09,2200.2253837544126
Rice,2021-02-10,2203.79577310761
Rice,2021-02-11,2198.9510853904867
Rice,2021-02-12,2201.874141866753
Rice,2021-02-13,2201.9312341380987
Rice,2021-02-14,2198.115476460512
Rice,2021-02-15,2196.487331208805
Rice,2021-02-16,2199.232605036632
Rice,2021-02-17,2199.6561828490926
Rice,2021-02-18,2201.9938347709826
Rice,2021-02-19,2209.8995971090444
Rice,2021-02-20,2203.6426306622
Rice,2021-02-21,2210.111480962075
Rice,2021-02-22,2210.528904712168
Rice,2021-02-23,2206.9337685188752
Rice,2021-02-24,2201.6125140159193
Rice,2021-02-25,2200.856032452811
Rice,2021-02-26,2204.542632900509
Rice,2021-02-27,2204.0324364189987
Rice,2021-02-28,2210.077056139988
Rice,2021-03-01,2204.2723533797816
Rice,2021-03-02,2204.2239975883977
Rice,2021-03-03,2199.2144238107453
Rice,2021-03-04,2200.6689513412452
Rice,2021-03-05,2204.2165009016344
Rice,2021-03-06,2202.53345372691
Rice,2021-03-07,2192.1165983004016
Rice,2021-03-08,2192.9123908875877
Rice,2021-03-09,2194.6593450945215
Rice,2021-03-10,2196.2765241143684
Rice,2021-03-11,2201.219652881657
Rice,2021-03-12,2196.9354381630606
Rice,2021-03-13,2199.6563025848627
Rice,2021-03-14,2204.4263326347746
Rice,2021-03-15,2197.3119822987483
Rice,2021-03-16,2198.590589602424
Rice,2021-03-17,2196.5738702783938
Rice,2021-03-18,2196.247779585987
Rice,2021-03-19,2197.6384855201404
Rice,2021-03-20,2195.689571263686
Rice,2021-03-21,2192.9867389470396
Rice,2021-03-22,2193.1233486169917
Rice,2021-03-23,2188.7743648615406
Rice,2021-03-24,2184.431064346
Rice,2021-03-25,2187.1485574778258
Rice,2021-03-26,2182.5533813371912
Rice,2021-03-27,2185.218631340828
Rice,2021-03-28,2187.0689965122438
Rice,2021-03-29,2180.1657695970816
Rice,2021-03-30,2177.4555109877388
Rice,2021-03-31,2182.2319485999283
Rice,2021-04-01,2178.3072864753694
Rice,2021-04-02,2176.449669426132
Rice,2021-04-03,2178.2979129991395
Rice,2021-04-04,2181.43147503627
Rice,2021-04-05,2180.425319492092
Rice,2021-04-06,2178.0352787133256
Rice,2021-04-07,2183.7247581601196
Rice,2021-04-08,2190.68035681531
Rice,2021-04-09,2194.595789018437
Rice,2021-04-10,2194.937061588697
Rice,2021-04-11,2191.7039987021335
Rice,2021-04-12,2188.382221075907
Rice,2021-04-13,2190.47227749697
Rice,2021-04-14,2192.1458703805247
Rice,2021-04-15,2197.7522647523106
Rice,2021-04-16,2200.3540651224553
Rice,2021-04-17,2194.341743915416
Rice,2021-04-18,2198.5495343863076
Rice,2021-04-19,2194.55729187705
Rice,2021-04-20,2193.0214067892407
Rice,2021-04-21,2194.0222076142472
Rice,2021-04-22,2202.004877573383
Rice,2021-04-23,2214.4445517974045
Rice,2021-04-24,2216.8714440339495
Rice,2021-04-25,2216.1386575590677
Rice,2021-04-26,2218.27668015299
Rice,2021-04-27,2221.8273018564855
Rice,2021-04-28,2220.5446313542566
Rice,2021-04-29,2227.725476777906
Rice,2021-04-30,2228.6457598146712
Rice,2021-05-01,2230.6367321710372
Rice,2021-05-02,2233.300429179255
Rice,2021-05-03,2234.9867756217127
Rice,2021-05-04,2238.342537623591
Rice,2021-05-05,2235.8735248774033
Rice,2021-05-06,2233.640317861619
Rice,2021-05-07,2229.2397009297324
Rice,2021-05-08,2230.9977058522136
Rice,2021-05-09,2234.113451866262
Rice,2021-05-10,2235.9445433308692
Rice,2021-05-11,2242.6425130642597
Rice,2021-05-12,2242.6201289889436
Rice,2021-05-13,2245.2950956113136
Rice,2021-05-14,2240.928292106756
Rice,2021-05-15,2239.3798932968584
Rice,2021-05-16,2242.1620443271217
Rice,2021-05-17,2245.5584527700944
Rice,2021-05-18,2244.3825849794375
Rice,2021-05-19,2244.0961879720053
Rice,2021-05-20,2238.024692985282
Rice,2021-05-21,2236.5965761820557
Rice,2021-05-22,2240.158108836135
Rice,2021-05-23,2242.458928900561
Rice,2021-05-24,2244.461591786086
Rice,2021-05-25,2244.66068653481
Rice,2021-05-26,2244.6889391693226
Rice,2021-05-27,2242.0476546114287
Rice,2021-05-28,2244.8429682922388
Rice,2021-05-29,2246.5268600697964
Rice,2021-05-30,2248.4949354617675
Rice,2021-05-31,2246.3907960910974
Rice,2021-06-01,2237.777424411612
Rice,2021-06-02,2242.166035258627
Rice,2021-06-03,2240.2506854345934
Rice,2021-06-04,2236.799582378421
Rice,2021-06-05,2239.573498026077
Rice,2021-06-06,2238.0054474664003
Rice,2021-06-07,2242.245193002587
Rice,2021-06-08,2244.713216800894
Rice,2021-06-09,2247.4474940936957
Rice,2021-06-10,2241.983671248893
Rice,2021-06-11,2246.831447190439
Rice,2021-06-12,2247.8764493153744
Rice,2021-06-13,2246.39934075839
Rice,2021-06-14,2246.9728946277587
Rice,2021-06-15,2239.8679536961654
Rice,2021-06-16,2241.502564942088
Rice,2021-06-17,2237.38507890936
Rice,2021-06-18,2231.9743977659855
Rice,2021-06-19,2225.884961021114
Rice,2021-06-20,2230.335714521074
Rice,2021-06-21,2227.8186609463028
Rice,2021-06-22,2233.9535717859685
Rice,2021-06-23,2231.8103659337594
Rice,2021-06-24,2224.9809341033874
Rice,2021-06-25,2220.514836343593
Rice,2021-06-26,2225.4580828236208
Rice,2021-06-27,2224.834490111874
Rice,2021-06-28,2222.6413409259117
Rice,2021-06-29,2223.281413829323
Rice,2021-06-30,2225.288544773993
Rice,2021-07-01,2229.758140037603
Rice,2021-07-02,2235.5521369571743
Rice,2021-07-03,2234.113062374018
Rice,2021-07-04,2228.80887162969
Rice,2021-07-05,2227.155010985197
Rice,2021-07-06,2228.1961330115287
Rice,2021-07-07,2224.341097306686
Rice,2021-07-08,2220.5124936471057
Rice,2021-07-09,2221.8876451733054
Rice,2021-07-10,2221.6930357670235
Rice,2021-07-11,2221.8242237486697
Rice,2021-07-12,2218.7902424098697
Rice,2021-07-13,2217.8686395530467
Rice,2021-07-14,2214.1717069759734
Rice,2021-07-15,2217.7325006204724
Rice,2021-07-16,2221.8734979593673
Rice,2021-07-17,2214.4887465104152
Rice,2021-07-18,2210.7707030696456
Rice,2021-07-19,2204.7845860492853
Rice,2021-07-20,2202.1844903116576
Rice,2021-07-21,2201.850738432496
Rice,2021-07-22,2196.052157553702
Rice,2021-07-23,2192.364718301201
Rice,2021-07-24,2188.348888812875
Rice,2021-07-25,2189.1779581304704
Rice,2021-07-26,2189.455335478616
Rice,2021-07-27,2186.5683852652664
Rice,2021-07-28,2187.275668753824
Rice,2021-07-29,2185.088948415475
Rice,2021-07-30,2184.002327974171
Rice,2021-07-31,2190.696136335365
Rice,2021-08-01,2196.0579805425264
Rice,2021-08-02,2190.859655594816
Rice,2021-08-03,2194.178585266333
Rice,2021-08-04,2197.424171484299
Rice,2021-08-05,2192.8311183292885
Rice,2021-08-06,2196.106228904308
Rice,2021-08-07,2202.2579565779583
Rice,2021-08-08,2197.767777352981
Rice,2021-08-09,2194.0977660689236
Rice,2021-08-10,2198.1684119362976
Rice,2021-08-11,2199.2543931796004
Rice,2021-08-12,2201.460298280558
Rice,2021-08-13,2202.8226551461603
Rice,2021-08-14,2204.385438829873
Rice,2021-08-15,2199.0795503166287
Rice,2021-08-16,2203.268821143114
Rice,2021-08-17,2207.9471811128255
Rice,2021-08-18,2207.0296181365534
Rice,2021-08-19,2206.8557103372978
Rice,2021-08-20,2200.7312803270747
Rice,2021-08-21,2202.788299351146
Rice,2021-08-22,2205.076529118003
Rice,2021-08-23,2204.8277650500054
Rice,2021-08-24,2209.325178489488
Rice,2021-08-25,2207.9888695655677
Rice,2021-08-26,2210.247293269142
Rice,2021-08-27,2206.1686359143737
Rice,2021-08-28,2206.0744273108767
Rice,2021-08-29,2205.3770102792655
Rice,2021-08-30,2206.278241967429
Rice,2021-08-31,2204.8001342520956
Rice,2021-09-01,2204.274243869409
Rice,2021-09-02,2207.5784325551754
Rice,2021-09-03,2205.831375606222
Rice,2021-09-04,2199.4050672032677
Rice,2021-09-05,2206.4034028200895
Rice,2021-09-06,2211.9292191348513
Rice,2021-09-07,2206.760168354429
Rice,2021-09-08,2209.5189995754095
Rice,2021-09-09,2207.5071004932042
Rice,2021-09-10,2208.561049354528
Rice,2021-09-11,2209.7379458705823
Rice,2021-09-12,2208.8003146693172
Rice,2021-09-13,2205.6652520069715
Rice,2021-09-14,2202.9030877977066
Rice,2021-09-15,2199.2383201357816
Rice,2021-09-16,2195.9110313028596
Rice,2021-09-17,2195.642318142662
Rice,2021-09-18,2192.7792781862195
Rice,2021-09-19,2195.50748644907
Rice,2021-09-20,2201.4564710704135
Rice,2021-09-21,2199.1362581049334
Rice,2021-09-22,2200.0938761070747
Rice,2021-09-23,2202.0926165482865
Rice,2021-09-24,2203.9806256319634
Rice,2021-09-25,2204.284446703628
Rice,2021-09-26,2207.255176377067
Rice,2021-09-27,2209.1841721877895
Rice,2021-09-28,2204.2335224984804
Rice,2021-09-29,2207.7101467560374
Rice,2021-09-30,2211.2593101051043
Rice,2021-10-01,2208.2061656883902
Rice,2021-10-02,2208.3579170301805
Rice,2021-10-03,2211.091233001425
Rice,2021-10-04,2210.2539777231073
Rice,2021-10-05,2214.5458899141713
Rice,2021-10-06,2224.001379892649
Rice,2021-10-07,2220.8574357621087
Rice,2021-10-08,2215.3332573494936
Rice,2021-10-09,2216.548531731913
Rice,2021-10-10,2219.4347817524176
Rice,2021-10-11,2218.5113162570387
Rice,2021-10-12,2224.324358910323
Rice,2021-10-13,2218.96993571143
Rice,2021-10-14,2221.7416102035563
Rice,2021-10-15,2219.318166920521
Rice,2021-10-16,2226.19567854535
Rice,2021-10-17,2234.1657399580226
Rice,2021-10-18,2231.099113606889
Rice,2021-10-19,2228.900885063255
Rice,2021-10-20,2232.339236611174
Rice,2021-10-21,2230.790714012016
Rice,2021-10-22,2230.609069140287
Rice,2021-10-23,2230.7106228224566
Rice,2021-10-24,2223.031930197666
Rice,2021-10-25,2222.976579213289
Rice,2021-10-26,2220.217668117032
Rice,2021-10-27,2218.245176827433
Rice,2021-10-28,2224.0197048413083
Rice,2021-10-29,2218.9936772641913
Rice,2021-10-30,2222.246498011183
Rice,2021-10-31,2221.130646289856
Rice,2021-11-01,2220.0116056158727
Rice,2021-11-02,2223.1730932000796
Rice,2021-11-03,2224.533298378355
Rice,2021-11-04,2226.8157503672332
Rice,2021-11-05,2230.6884890093647
Rice,2021-11-06,2229.3632554766314
Rice,2021-11-07,2226.9143085386004
Rice,2021-11-08,2222.5737064323694
Rice,2021-11-09,2219.2720643124535
Rice,2021-11-10,2231.068442013688
Rice,2021-11-11,2236.0471603366354
Rice,2021-11-12,2230.6428628718036
Rice,2021-11-13,2225.353031044829
Rice,2021-11-14,2227.280495291703
Rice,2021-11-15,2229.469554481215
Rice,2021-11-16,2231.6650898224843
Rice,2021-11-17,2230.6452666482696
Rice,2021-11-18,2230.143449608258
Rice,2021-11-19,2231.4549677048954
Rice,2021-11-20,2231.7985397300686
Rice,2021-11-21,2222.9213382390785
Rice,2021-11-22,2222.002139716778
Rice,2021-11-23,2218.5965139797368
Rice,2021-11-24,2219.2973596553707
Rice,2021-11-25,2231.238395665784
Rice,2021-11-26,2232.7083223276813
Rice,2021-11-27,2231.454203582992
Rice,2021-11-28,2235.141409590901
Rice,2021-11-29,2237.0721611397375
Rice,2021-11-30,2238.752539101545
Rice,2021-12-01,2241.1799414744078
Rice,2021-12-02,2249.406115733726
Rice,2021-12-03,2244.8825619924223
Rice,2021-12-04,2246.777090299668
Rice,2021-12-05,2243.071565779742
Rice,2021-12-06,2245.293616365111
Rice,2021-12-07,2241.6188703191665
Rice,2021-12-08,2239.949403064746
Rice,2021-12-09,2238.7690434077945
Rice,2021-12-10,2242.6723102851734
Rice,2021-12-11,2246.346128060943
Rice,2021-12-12,2241.3632585551577
Rice,2021-12-13,2241.582994999157
Rice,2021-12-14,2238.74467558016
Rice,2021-12-15,2233.710655937459
Rice,2021-12-16,2232.8425877357613
Rice,2021-12-17,2231.6086565819382
Rice,2021-12-18,2241.3155225273204
Rice,2021-12-19,2243.047361828763
Rice,2021-12-20,2237.5368918257464
Rice,2021-12-21,2235.2777958090624
Rice,2021-12-22,2239.36332899078
Rice,2021-12-23,2247.7171000822595
Rice,2021-12-24,2241.373166833308
Rice,2021-12-25,2233.8534692927515
Rice,2021-12-26,2241.3373299942386
Rice,2021-12-27,2242.8957867037225
Rice,2021-12-28,2239.422615776217
Rice,2021-12-29,2241.5611321207066
Rice,2021-12-30,2231.018141164639
Rice,2021-12-31,2231.031643191028
Rice,2022-01-01,2232.3429278824
Rice,2022-01-02,2236.0400084405514
Rice,2022-01-03,2231.9844246313814
Rice,2022-01-04,2232.327173276995
Rice,2022-01-05,2228.625474772756
Rice,2022-01-06,2229.647009795454
Rice,2022-01-07,2226.0656245060018
Rice,2022-01-08,2224.4332211493606
Rice,2022-01-09,2220.4499595701996
Rice,2022-01-10,2223.0545045374943
Rice,2022-01-11,2226.488309004121
Rice,2022-01-12,2225.5498267242915
Rice,2022-01-13,2225.7027787041316
Rice,2022-01-14,2219.908413045597
Rice,2022-01-15,2218.70970645357
Rice,2022-01-16,2218.5088879854034
Rice,2022-01-17,2228.992060349523
Rice,2022-01-18,2224.5441922464265
Rice,2022-01-19,2230.400901201436
Rice,2022-01-20,2234.3883362952993
Rice,2022-01-21,2235.51088191326
Rice,2022-01-22,2242.5453638500403
Rice,2022-01-23,2244.033785740468
Rice,2022-01-24,2245.5904225231398
Rice,2022-01-25,2245.3779399110695
Rice,2022-01-26,2250.272215440744
Rice,2022-01-27,2254.6580923759875
Rice,2022-01-28,2252.155383226003
Rice,2022-01-29,2246.8783944476077
Rice,2022-01-30,2246.066471898025
Rice,2022-01-31,2242.8663176404343
Rice,2022-02-01,2242.612219341973
Rice,2022-02-02,2247.5619718807097
Rice,2022-02-03,2245.7327652603626
Rice,2022-02-04,2245.561471735116
Rice,2022-02-05,2245.7935626743497
Rice,2022-02-06,2249.187286203171
Rice,2022-02-07,2240.1997288672324
Rice,2022-02-08,2237.7729276881714
Rice,2022-02-09,2238.618062457289
Rice,2022-02-10,2243.4183782829964
Rice,2022-02-11,2241.4507684929717
Rice,2022-02-12,2233.944557668804
Rice,2022-02-13,2236.423403452669
Rice,2022-02-14,2233.881953897366
Rice,2022-02-15,2229.123287261005
Rice,2022-02-16,2226.625905702152
Rice,2022-02-17,2225.8878042715287
Rice,2022-02-18,2223.4688256133754
Rice,2022-02-19,2214.6465613849796
Rice,2022-02-20,2218.234826172528
Rice,2022-02-21,2223.334326337643
Rice,2022-02-22,2225.940414303001
Rice,2022-02-23,2221.3896716213017
Rice,2022-02-24,2220.5837054855115
Rice,2022-02-25,2220.557620224594
Rice,2022-02-26,2222.952797782841
Rice,2022-02-27,2225.626159737714
Rice,2022-02-28,2222.6894645425996
Rice,2022-03-01,2223.0174467682536
Rice,2022-03-02,2224.846568386715
Rice,2022-03-03,2230.669857675302
Rice,2022-03-04,2233.487883834601
Rice,2022-03-05,2236.6441105841027
Rice,2022-03-06,2236.9794170958203
Rice,2022-03-07,2242.6212536766343
Rice,2022-03-08,2244.2603048604724
Rice,2022-03-09,2240.815953219778
Rice,2022-03-10,2246.429433100279
Rice,2022-03-11,2249.221046190435
Rice,2022-03-12,2247.448870105921
Rice,2022-03-13,2245.530898236324
Rice,2022-03-14,2246.717200416887
Rice,2022-03-15,2248.5699395979573
Rice,2022-03-16,2249.3591086604824
Rice,2022-03-17,2250.6043433542536
Rice,2022-03-18,2257.4041728525594
Rice,2022-03-19,2261.690345461499
Rice,2022-03-20,2262.4528878265587
Rice,2022-03-21,2266.218130149629
Rice,2022-03-22,2262.0880345355185
Rice,2022-03-23,2263.679742735306
Rice,2022-03-24,2270.9169681342382
Rice,2022-03-25,2270.0447845526687
Rice,2022-03-26,2266.6542488381924
Rice,2022-03-27,2264.04589328382
Rice,2022-03-28,2259.687361134451
Rice,2022-03-29,2256.54831350194
Rice,2022-03-30,2255.06628110758
Rice,2022-03-31,2249.4440130308653
Rice,2022-04-01,2249.5064863666635
Rice,2022-04-02,2253.1155950618104
Rice,2022-04-03,2249.4845703412225
Rice,2022-04-04,2255.5617060357895
Rice,2022-04-05,2257.6048743899
Rice,2022-04-06,2261.7271967323964
Rice,2022-04-07,2259.095858516988
Rice,2022-04-08,2262.513959425254
Rice,2022-04-09,2258.1462238236727
Rice,2022-04-10,2261.707213827019
Rice,2022-04-11,2262.394571186193
Rice,2022-04-12,2264.607576066132
Rice,2022-04-13,2259.9051976436326
Rice,2022-04-14,2256.324918274526
Rice,2022-04-15,2258.71383114754
Rice,2022-04-16,2254.920439130643
Rice,2022-04-17,2256.7732642990395
Rice,2022-04-18,2251.3047130731984
Rice,2022-04-19,2254.697409923865
Rice,2022-04-20,2249.767316664791
Rice,2022-04-21,2251.976516415509
Rice,2022-04-22,2254.479040150093
Rice,2022-04-23,2251.691952876375
Rice,2022-04-24,2254.0200591447137
Rice,2022-04-25,2255.0618281980483
Rice,2022-04-26,2252.906460773277
Rice,2022-04-27,2248.8722420369722
Rice,2022-04-28,2241.021739270282
Rice,2022-04-29,2242.4203394594806
Rice,2022-04-30,2236.1611283740326
Rice,2022-05-01,2236.542505171798
Rice,2022-05-02,2235.4887123074686
Rice,2022-05-03,2238.2052834092215
Rice,2022-05-04,2236.997101411262
Rice,2022-05-05,2235.679310265874
Rice,2022-05-06,2238.606793083027
Rice,2022-05-07,2239.9470251993635
Rice,2022-05-08,2241.2116490280946
Rice,2022-05-09,2243.0887193873286
Rice,2022-05-10,2236.9464308945003
Rice,2022-05-11,2239.973585614448
Rice,2022-05-12,2242.4234607905028
Rice,2022-05-13,2238.3567282761965
Rice,2022-05-14,2237.3804063814996
Rice,2022-05-15,2237.223177230989
Rice,2022-05-16,2236.6851900933825
Rice,2022-05-17,2238.0206299596566
Rice,2022-05-18,2243.746097086981
Rice,2022-05-19,2248.0731639976725
Rice,2022-05-20,2242.824287223947
Rice,2022-05-21,2245.3125671851712
Rice,2022-05-22,2250.628300463313
Rice,2022-05-23,2252.1755345460697
Rice,2022-05-24,2256.539456246813
Rice,2022-05-25,2264.5885380296163
Rice,2022-05-26,2268.6833762140445
Rice,2022-05-27,2269.680610596611
Rice,2022-05-28,2273.86096449295
Rice,2022-05-29,2274.440515825338
Rice,2022-05-30,2274.5361279984777
Rice,2022-05-31,2273.130471055623
Rice,2022-06-01,2279.3841244909513
Rice,2022-06-02,2276.110409827183
Rice,2022-06-03,2282.2398807258955
Rice,2022-06-04,2284.239337220857
Rice,2022-06-05,2278.6421125216493
Rice,2022-06-06,2280.112709693615
Rice,2022-06-07,2271.7126036630084
Rice,2022-06-08,2274.2146357303327
Rice,2022-06-09,2277.7555616622885
Rice,2022-06-10,2275.3861378396805
Rice,2022-06-11,2275.880328623503
Rice,2022-06-12,2283.696958358504
Rice,2022-06-13,2281.673971541456
Rice,2022-06-14,2277.43834119323
Rice,2022-06-15,2283.36499480308
Rice,2022-06-16,2291.2153435652035
Rice,2022-06-17,2291.230126252595
Rice,2022-06-18,2295.2759783942283
Rice,2022-06-19,2300.6418820563517
Rice,2022-06-20,2297.6719451261984
Rice,2022-06-21,2295.7307217847265
Rice,2022-06-22,2300.654219837346
Rice,2022-06-23,2307.3942769521796
Rice,2022-06-24,2309.645800392877
Rice,2022-06-25,2306.126542978869
Rice,2022-06-26,2314.0747874256667
Rice,2022-06-27,2311.9509038344186
Rice,2022-06-28,2310.610352709733
Rice,2022-06-29,2311.9797040476915
Rice,2022-06-30,2318.1963457305505
Rice,2022-07-01,2321.6122496367593
Rice,2022-07-02,2323.2717116382073
Rice,2022-07-03,2325.1248657586793
Rice,2022-07-04,2325.2989244332534
Rice,2022-07-05,2327.5314824913276
Rice,2022-07-06,2317.4132421805502
Rice,2022-07-07,2316.226812344271
Rice,2022-07-08,2317.192100083938
Rice,2022-07-09,2312.58804374946
Rice,2022-07-10,2314.133337020706
Rice,2022-07-11,2313.315452136762
Rice,2022-07-12,2320.337354930024
Rice,2022-07-13,2326.629433830883
Rice,2022-07-14,2324.766211554411
Rice,2022-07-15,2324.162860708144
Rice,2022-07-16,2323.8670704457104
Rice,2022-07-17,2322.060432541072
Rice,2022-07-18,2322.8405324771843
Rice,2022-07-19,2319.8074042016337
Rice,2022-07-20,2315.284942861884
Rice,2022-07-21,2317.775787757485
Rice,2022-07-22,2320.2939060943722
Rice,2022-07-23,2317.0766430557323
Rice,2022-07-24,2320.6580647787823
Rice,2022-07-25,2318.131753862121
Rice,2022-07-26,2319.144414814273
Rice,2022-07-27,2322.425790864723
Rice,2022-07-28,2322.291340605908
Rice,2022-07-29,2324.110304254473
Rice,2022-07-30,2322.0445856789224
Rice,2022-07-31,2321.25871934521
Rice,2022-08-01,2320.435281621689
Rice,2022-08-02,2317.4489682355274
Rice,2022-08-03,2316.7418715830645
Rice,2022-08-04,2310.5473983876095
Rice,2022-08-05,2308.582783399041
Rice,2022-08-06,2307.4432814255624
Rice,2022-08-07,2306.4185624155807
Rice,2022-08-08,2305.4525726320976
Rice,2022-08-09,2305.205515832657
Rice,2022-08-10,2307.1232819050015
Rice,2022-08-11,2310.6213502015316
Rice,2022-08-12,2308.0222892941383
Rice,2022-08-13,2303.209485872582
Rice,2022-08-14,2299.0413082236096
Rice,2022-08-15,2297.09249653883
Rice,2022-08-16,2295.684811267564
Rice,2022-08-17,2292.604827002774
Rice,2022-08-18,2287.4203603457745
Rice,2022-08-19,2285.5958770358775
Rice,2022-08-20,2286.3215835163337
Rice,2022-08-21,2288.701701379676
Rice,2022-08-22,2286.4720091672425
Rice,2022-08-23,2284.8200178786688
Rice,2022-08-24,2281.1132246432794
Rice,2022-08-25,2280.9874679617806
Rice,2022-08-26,2277.593753425017
Rice,2022-08-27,2279.886264677982
Rice,2022-08-28,2272.7427987102456
Rice,2022-08-29,2271.3042800204357
Rice,2022-08-30,2272.5087093772026
Rice,2022-08-31,2273.2440474424925
Rice,2022-09-01,2284.0161820984144
Rice,2022-09-02,2285.415382196686
Rice,2022-09-03,2281.399163809318
Rice,2022-09-04,2281.017306820962
Rice,2022-09-05,2273.912321487096
Rice,2022-09-06,2273.589922489909
Rice,2022-09-07,2270.257698261906
Rice,2022-09-08,2273.9192593641465
Rice,2022-09-09,2271.7210982657643
Rice,2022-09-10,2271.2540346025835
Rice,2022-09-11,2268.711803236966
Rice,2022-09-12,2275.667208644379
Rice,2022-09-13,2274.3822375799077
Rice,2022-09-14,2281.7124657538243
Rice,2022-09-15,2284.9690728022974
Rice,2022-09-16,2286.8973397116392
Rice,2022-09-17,2288.372272300909
Rice,2022-09-18,2289.947461493774
Rice,2022-09-19,2282.236771176392
Rice,2022-09-20,2281.121237599789
Rice,2022-09-21,2284.5018694845257
Rice,2022-09-22,2284.3062807506294
Rice,2022-09-23,2278.6855213634153
Rice,2022-09-24,2278.4759035611055
Rice,2022-09-25,2285.2923256261274
Rice,2022-09-26,2290.2798924882663
Rice,2022-09-27,2290.031876450802
Rice,2022-09-28,2293.8376735590346
Rice,2022-09-29,2292.371645477562
Rice,2022-09-30,2285.5561591302553
Rice,2022-10-01,2281.858295177737
Rice,2022-10-02,2288.10985025177
Rice,2022-10-03,2287.0138779244526
Rice,2022-10-04,2286.0403420069524
Rice,2022-10-05,2284.8409892218533
Rice,2022-10-06,2292.4575355801453
Rice,2022-10-07,2298.9613712415935
Rice,2022-10-08,2307.836492175386
Rice,2022-10-09,2307.2003113337855
Rice,2022-10-10,2308.3828092887743
Rice,2022-10-11,2302.316239091091
Rice,2022-10-12,2308.223976795564
Rice,2022-10-13,2303.552858590492
Rice,2022-10-14,2304.419960845543
Rice,2022-10-15,2300.030750735011
Rice,2022-10-16,2297.6752834280564
Rice,2022-10-17,2294.3262337038577
Rice,2022-10-18,2291.8947326611546
Rice,2022-10-19,2289.7382418485586
Rice,2022-10-20,2287.545166668858
Rice,2022-10-21,2290.8785023159794
Rice,2022-10-22,2286.4590511437295
Rice,2022-10-23,2287.341216851785
Rice,2022-10-24,2292.2130534610073
Rice,2022-10-25,2290.1602680029537
Rice,2022-10-26,2287.2885924399634
Rice,2022-10-27,2286.366493939242
Rice,2022-10-28,2291.085394772685
Rice,2022-10-29,2291.8618252964984
Rice,2022-10-30,2289.736968118068
Rice,2022-10-31,2291.6724747228204
Rice,2022-11-01,2287.2633061234746
Rice,2022-11-02,2289.9887441652463
Rice,2022-11-03,2291.6231733960535
Rice,2022-11-04,2290.391939511498
Rice,2022-11-05,2287.037596317709
Rice,2022-11-06,2283.4908726285753
Rice,2022-11-07,2285.630141973959
Rice,2022-11-08,2290.546063983915
Rice,2022-11-09,2287.9968329957997
Rice,2022-11-10,2289.830379810006
Rice,2022-11-11,2281.4822717355974
Rice,2022-11-12,2279.1438008129685
Rice,2022-11-13,2279.019565081485
Rice,2022-11-14,2275.3808314135576
Rice,2022-11-15,2271.6348059143993
Rice,2022-11-16,2268.963687688524
Rice,2022-11-17,2270.1324586018295
Rice,2022-11-18,2269.3831425282037
Rice,2022-11-19,2260.4302175949038
Rice,2022-11-20,2251.947416984364
Rice,2022-11-21,2249.519956272935
Rice,2022-11-22,2251.350702617149
Rice,2022-11-23,2240.3606832462483
Rice,2022-11-24,2238.361762541642
Rice,2022-11-25,2236.256771115572
Rice,2022-11-26,2241.810122228406
Rice,2022-11-27,2240.2700349815545
Rice,2022-11-28,2241.801990920518
Rice,2022-11-29,2242.367019480868
Rice,2022-11-30,2233.844753561639
Rice,2022-12-01,2236.917582428166
Rice,2022-12-02,2237.779168449991
Rice,2022-12-03,2239.8122430086896
Rice,2022-12-04,2255.5171938344347
Rice,2022-12-05,2247.1807420764403
Rice,2022-12-06,2254.079528675485
Rice,2022-12-07,2252.9297385978834
Rice,2022-12-08,2254.0790542154955
Rice,2022-12-09,2253.8970052342906
Rice,2022-12-10,2252.2000599006983
Rice,2022-12-11,2249.9207281877434
Rice,2022-12-12,2251.2387631300353
Rice,2022-12-13,2245.1700683433487
Rice,2022-12-14,2248.172385013436
Rice,2022-12-15,2246.507607393895
Rice,2022-12-16,2241.9873300377335
Rice,2022-12-17,2240.18727860575
Rice,2022-12-18,2245.2158754732004
Rice,2022-12-19,2243.0745351251353
Rice,2022-12-20,2244.508349597974
Rice,2022-12-21,2241.584524495112
Rice,2022-12-22,2244.6162118948064
Rice,2022-12-23,2247.358242849967
Rice,2022-12-24,2254.752678183153
Rice,2022-12-25,2254.050422401156
Rice,2022-12-26,2256.7250416201878
Rice,2022-12-27,2257.1173117783437
Rice,2022-12-28,2262.3007989057955
Rice,2022-12-29,2259.4254693553607
Rice,2022-12-30,2262.40549060687
Rice,2022-12-31,2261.626701422403
Rice,2023-01-01,2261.3699487139693
Rice,2023-01-02,2261.7369586517625
Rice,2023-01-03,2262.7459202374694
Rice,2023-01-04,2262.2810040649815
Rice,2023-01-05,2263.1398567976635
Rice,2023-01-06,2269.452329027912
Rice,2023-01-07,2273.394127770373
Rice,2023-01-08,2276.8707461403606
Rice,2023-01-09,2275.0485880362653
Rice,2023-01-10,2271.491624723352
Rice,2023-01-11,2275.312826956303
Rice,2023-01-12,2278.8170141264222
Rice,2023-01-13,2284.707696829426
Rice,2023-01-14,2282.2917743255493
Rice,2023-01-15,2281.3735797041077
Rice,2023-01-16,2274.815643054006
Rice,2023-01-17,2273.2457586297623
Rice,2023-01-18,2277.2320406720805
Rice,2023-01-19,2275.3660591551675
Rice,2023-01-20,2277.9279783359707
Rice,2023-01-21,2277.1659659119796
Rice,2023-01-22,2278.4621940248658
Rice,2023-01-23,2273.871428465603
Rice,2023-01-24,2274.2122662641386
Rice,2023-01-25,2262.247722380536
Rice,2023-01-26,2261.500137747888
Rice,2023-01-27,2254.978244773027
Rice,2023-01-28,2259.8022228392147
Rice,2023-01-29,2262.9118522502727
Rice,2023-01-30,2264.778536178137
Rice,2023-01-31,2270.8625610867743
Rice,2023-02-01,2267.066895003475
Rice,2023-02-02,2274.0563477951373
Rice,2023-02-03,2277.785114052179
Rice,2023-02-04,2276.838892903303
Rice,2023-02-05,2281.381373492035
Rice,2023-02-06,2276.9561994423884
Rice,2023-02-07,2273.658142796278
Rice,2023-02-08,2271.223783903319
Rice,2023-02-09,2269.107873071063
Rice,2023-02-10,2264.881642500022
Rice,2023-02-11,2269.773974768403
Rice,2023-02-12,2268.738557166924
Rice,2023-02-13,2270.1485770403515
Rice,2023-02-14,2267.867171574697
Rice,2023-02-15,2260.5847583725026
Rice,2023-02-16,2261.6649878060684
Rice,2023-02-17,2254.015967904389
Rice,2023-02-18,2253.7414317200473
Rice,2023-02-19,2248.268171564716
Rice,2023-02-20,2256.2172755616393
Rice,2023-02-21,2259.862726450338
Rice,2023-02-22,2260.285741615424
Rice,2023-02-23,2265.3405683260426
Rice,2023-02-24,2261.95530441618
Rice,2023-02-25,2264.1292219308602
Rice,2023-02-26,2264.928463665735
Rice,2023-02-27,2265.9845439910696
Rice,2023-02-28,2271.0739579914966
Rice,2023-03-01,2274.003926402616
Rice,2023-03-02,2275.158821053916
Rice,2023-03-03,2268.5392713090027
Rice,2023-03-04,2264.699086127885
Rice,2023-03-05,2264.208250393502
Rice,2023-03-06,2264.581739890609
Rice,2023-03-07,2260.060924991913
Rice,2023-03-08,2269.7076316942266
Rice,2023-03-09,2275.773207915241
Rice,2023-03-10,2278.181681196811
Rice,2023-03-11,2278.469828641946
Rice,2023-03-12,2277.6209927623413
Rice,2023-03-13,2273.813318922252
Rice,2023-03-14,2274.1232409963277
Rice,2023-03-15,2275.1542511568987
Rice,2023-03-16,2270.187208854972
Rice,2023-03-17,2271.523914523952
Rice,2023-03-18,2270.902878328653
Rice,2023-03-19,2263.2716480971435
Rice,2023-03-20,2259.8301080540255
Rice,2023-03-21,2258.1756859203388
Rice,2023-03-22,2265.7264365496994
Rice,2023-03-23,2267.9526490478347
Rice,2023-03-24,2262.610722771435
Rice,2023-03-25,2264.5548679291055
Rice,2023-03-26,2258.365651973352
Rice,2023-03-27,2262.6964161889005
Rice,2023-03-28,2260.8119175816287
Rice,2023-03-29,2260.4373728266723
Rice,2023-03-30,2265.740559416841
Rice,2023-03-31,2260.591905142504
Rice,2023-04-01,2255.003432402052
Rice,2023-04-02,2252.669035096668
Rice,2023-04-03,2256.8225505007454
Rice,2023-04-04,2250.745166198838
Rice,2023-04-05,2239.4165438063956
Rice,2023-04-06,2237.6119083727594
Rice,2023-04-07,2239.818871572403
Rice,2023-04-08,2244.6199185713585
Rice,2023-04-09,2242.767273123017
Rice,2023-04-10,2241.121566694553
Rice,2023-04-11,2245.737169631576
Rice,2023-04-12,2238.2582028327943
Rice,2023-04-13,2236.7041197320623
Rice,2023-04-14,2237.4658152917623
Rice,2023-04-15,2239.2626901769027
Rice,2023-04-16,2237.2234634041392
Rice,2023-04-17,2237.3612274509624
Rice,2023-04-18,2227.4079180373105
Rice,2023-04-19,2224.7749243879753
Rice,2023-04-20,2226.5889592381927
Rice,2023-04-21,2222.659783101174
Rice,2023-04-22,2222.8957199875326
Rice,2023-04-23,2224.6832099907433
Rice,2023-04-24,2223.313013187312
Rice,2023-04-25,2223.994868271299
Rice,2023-04-26,2220.14393801016
Rice,2023-04-27,2219.317492891376
Rice,2023-04-28,2221.758357569733
Rice,2023-04-29,2222.3862494136065
Rice,2023-04-30,2220.040124335351
Rice,2023-05-01,2220.936989952514
Rice,2023-05-02,2223.7954291150604
Rice,2023-05-03,2215.5956640007507
Rice,2023-05-04,2220.2319602605744
Rice,2023-05-05,2218.88694130585
Rice,2023-05-06,2220.588901038811
Rice,2023-05-07,2225.377888733392
Rice,2023-05-08,2219.8911939444697
Rice,2023-05-09,2217.0534299347596
Rice,2023-05-10,2215.899235151257
Rice,2023-05-11,2212.764221066759
Rice,2023-05-12,2219.7039673701065
Rice,2023-05-13,2216.276878994799
Rice,2023-05-14,2214.054691876852
Rice,2023-05-15,2214.872248003264
Rice,2023-05-16,2210.0636498989593
Rice,2023-05-17,2208.4809270519345
Rice,2023-05-18,2209.750740096935
Rice,2023-05-19,2208.419298479405
Rice,2023-05-20,2208.045751043805
Rice,2023-05-21,2205.928422594012
Rice,2023-05-22,2199.8705413572884
Rice,2023-05-23,2201.1569142026456
Rice,2023-05-24,2208.1766464892344
Rice,2023-05-25,2208.2502530123684
Rice,2023-05-26,2209.1513094813586
Rice,2023-05-27,2211.922200501826
Rice,2023-05-28,2206.8448785156393
Rice,2023-05-29,2213.6549371481574
Rice,2023-05-30,2214.464252333849
Rice,2023-05-31,2220.991679930205
Rice,2023-06-01,2218.0595479481094
Rice,2023-06-02,2225.3317956383407
Rice,2023-06-03,2228.4324176144796
Rice,2023-06-04,2230.644577957889
Rice,2023-06-05,2231.5806757753016
Rice,2023-06-06,2230.5865613030037
Rice,2023-06-07,2235.3886879368993
Rice,2023-06-08,2235.9501274162917
Rice,2023-06-09,2228.081848601943
Rice,2023-06-10,2223.613102755115
Rice,2023-06-11,2222.869719746344
Rice,2023-06-12,2224.109715679006
Rice,2023-06-13,2223.883361723407
Rice,2023-06-14,2228.7592448825812
Rice,2023-06-15,2220.954837426427
Rice,2023-06-16,2221.5291891724473
Rice,2023-06-17,2214.2572722708987
Rice,2023-06-18,2217.2961214528355
Rice,2023-06-19,2216.9182865950675
Rice,2023-06-20,2218.596726483164
Rice,2023-06-21,2215.1411946408048
Rice,2023-06-22,2220.259054367436
Rice,2023-06-23,2224.4259530236714
Rice,2023-06-24,2226.760130235719
Rice,2023-06-25,2226.242061248265
Rice,2023-06-26,2228.5614903894457
Rice,2023-06-27,2225.733920117496
Rice,2023-06-28,2229.156142753579
Rice,2023-06-29,2235.7540663308746
Rice,2023-06-30,2240.0365085707913
Rice,2023-07-01,2237.118098691562
Rice,2023-07-02,2238.5637679606543
Rice,2023-07-03,2233.3912017856196
Rice,2023-07-04,2235.6807630303224
Rice,2023-07-05,2237.4831766817724
Rice,2023-07-06,2230.003911323644
Rice,2023-07-07,2225.3567759479943
Rice,2023-07-08,2224.2242203610194
Rice,2023-07-09,2223.020781372456
Rice,2023-07-10,2218.1828736307807
Rice,2023-07-11,2219.7387885481894
Rice,2023-07-12,2220.7446829839514
Rice,2023-07-13,2219.9676064560376
Rice,2023-07-14,2216.944440455404
Rice,2023-07-15,2221.1392689610702
Rice,2023-07-16,2227.7608974134237
Rice,2023-07-17,2225.826651478037
Rice,2023-07-18,2223.377983809418
Rice,2023-07-19,2225.342814471066
Rice,2023-07-20,2223.910696952078
Rice,2023-07-21,2223.353108149425
Rice,2023-07-22,2226.3117207563237
Rice,2023-07-23,2218.6742964062946
Rice,2023-07-24,2223.947505705705
Rice,2023-07-25,2224.2382278030227
Rice,2023-07-26,2222.592255224774
Rice,2023-07-27,2222.235318607888
Rice,2023-07-28,2222.08503602797
Rice,2023-07-29,2215.1602308141905
Rice,2023-07-30,2221.1399837240033
Rice,2023-07-31,2221.305286253086
Rice,2023-08-01,2223.0772947748756
Rice,2023-08-02,2226.8834938571717
Rice,2023-08-03,2222.7988440269305
Rice,2023-08-04,2224.6927316230713
Rice,2023-08-05,2223.622167259476
Rice,2023-08-06,2227.0092503603423
Rice,2023-08-07,2218.500340678936
Rice,2023-08-08,2218.103963477971
Rice,2023-08-09,2215.692680854835
Rice,2023-08-10,2217.4217326573716
Rice,2023-08-11,2219.3019094068445
Rice,2023-08-12,2216.4714058275567
Rice,2023-08-13,2213.6227103708525
Rice,2023-08-14,2213.1800488966232
Rice,2023-08-15,2209.593479987362
Rice,2023-08-16,2212.961414769171
Rice,2023-08-17,2211.484585967381
Rice,2023-08-18,2199.8566330900944
Rice,2023-08-19,2198.357344863607
Rice,2023-08-20,2194.203169580231
Rice,2023-08-21,2187.6780663183877
Rice,2023-08-22,2182.7283597654973
Rice,2023-08-23,2183.165993652829
Rice,2023-08-24,2188.480556965822
Rice,2023-08-25,2189.733294861282
Rice,2023-08-26,2187.307281308419
Rice,2023-08-27,2189.1308980891017
Rice,2023-08-28,2187.294536848226
Rice,2023-08-29,2184.5161353715735
Rice,2023-08-30,2179.8986846986413
Rice,2023-08-31,2172.8913694716343
Rice,2023-09-01,2171.3316746453966
Rice,2023-09-02,2171.963888605077
Rice,2023-09-03,2171.5773939250175
Rice,2023-09-04,2169.913526213228
Rice,2023-09-05,2166.130541970441
Rice,2023-09-06,2168.563526737181
Rice,2023-09-07,2163.2949990573948
Rice,2023-09-08,2166.3991107127686
Rice,2023-09-09,2162.3902426370614
Rice,2023-09-10,2159.3805016876495
Rice,2023-09-11,2153.5133609251866
Rice,2023-09-12,2151.507752337644
Rice,2023-09-13,2155.409002171556
Rice,2023-09-14,2157.4715145253317
Rice,2023-09-15,2161.385202973444
Rice,2023-09-16,2163.47377315718
Rice,2023-09-17,2159.0590938430582
Rice,2023-09-18,2157.735936945748
Rice,2023-09-19,2154.615140429278
Rice,2023-09-20,2159.9374400454344
Rice,2023-09-21,2155.1502854597293
Rice,2023-09-22,2158.7250762172857
Rice,2023-09-23,2162.2968916977206
Rice,2023-09-24,2169.615372504585
Rice,2023-09-25,2167.976626134067
Rice,2023-09-26,2170.8259147723875
Rice,2023-09-27,2179.952522118543
Rice,2023-09-28,2177.481955410808
Rice,2023-09-29,2171.341794420679
Rice,2023-09-30,2163.821754285048
Rice,2023-10-01,2166.672602400493
Rice,2023-10-02,2159.140001568259
Rice,2023-10-03,2157.650725356507
Rice,2023-10-04,2159.3999781046628
Rice,2023-10-05,2160.1406802519828
Rice,2023-10-06,2161.842459708719
Rice,2023-10-07,2162.731619131923
Rice,2023-10-08,2167.8470823851762
Rice,2023-10-09,2164.037816862221
Rice,2023-10-10,2161.329836308387
Rice,2023-10-11,2158.2391985273034
Rice,2023-10-12,2161.559965774754
Rice,2023-10-13,2165.1615601283343
Rice,2023-10-14,2166.9664614056082
Rice,2023-10-15,2171.700436073168
Rice,2023-10-16,2166.9882726036626
Rice,2023-10-17,2173.657169049867
Rice,2023-10-18,2179.7501235367163
Rice,2023-10-19,2182.6926115256992
Rice,2023-10-20,2189.8198071607835
Rice,2023-10-21,2183.193314330072
Rice,2023-10-22,2181.0955217850214
Rice,2023-10-23,2178.154307942294
Rice,2023-10-24,2181.0402252373233
Rice,2023-10-25,2176.8396622789146
Rice,2023-10-26,2179.8696428762646
Rice,2023-10-27,2185.3517874522513
Rice,2023-10-28,2188.1325990525875
Rice,2023-10-29,2189.2676031472333
Rice,2023-10-30,2185.3161097836305
Rice,2023-10-31,2181.928705919129
Rice,2023-11-01,2186.927181540316
Rice,2023-11-02,2190.044577555937
Rice,2023-11-03,2189.8884994784266
Rice,2023-11-04,2188.2168612953633
Rice,2023-11-05,2180.113629802918
Rice,2023-11-06,2175.83022012818
Rice,2023-11-07,2183.475896476739
Rice,2023-11-08,2178.354074192729
Rice,2023-11-09,2179.1119934776134
Rice,2023-11-10,2183.1417693703943
Rice,2023-11-11,2178.122078698385
Rice,2023-11-12,2178.8609205975094
Rice,2023-11-13,2182.612582747552
Rice,2023-11-14,2182.662580035181
Rice,2023-11-15,2194.136192257848
Rice,2023-11-16,2187.4617952223352
Rice,2023-11-17,2191.6967093418707
Rice,2023-11-18,2191.005502392285
Rice,2023-11-19,2194.0931830116315
Rice,2023-11-20,2195.8584116184284
Rice,2023-11-21,2192.9257868299887
Rice,2023-11-22,2193.841772399826
Rice,2023-11-23,2186.4101665942326
Rice,2023-11-24,2188.8231565965184
Rice,2023-11-25,2190.0157904604803
Rice,2023-11-26,2192.570431135053
Rice,2023-11-27,2196.8029044354016
Rice,2023-11-28,2198.2733837962405
Rice,2023-11-29,2198.8657414754334
Rice,2023-11-30,2195.341468128788
Rice,2023-12-01,2192.492585074192
Rice,2023-12-02,2197.2395235549016
Rice,2023-12-03,2202.984865177725
Rice,2023-12-04,2202.032423432477
Rice,2023-12-05,2202.2164344214902
Rice,2023-12-06,2198.597976921515
Rice,2023-12-07,2203.289004302585
Rice,2023-12-08,2205.950671597352
Rice,2023-12-09,2213.715541343207
Rice,2023-12-10,2210.202249034488
Rice,2023-12-11,2208.690217438415
Rice,2023-12-12,2209.6160011285174
Rice,2023-12-13,2212.2019592794204
Rice,2023-12-14,2211.33928872923
Rice,2023-12-15,2207.8474443674154
Rice,2023-12-16,2211.3730744831096
Rice,2023-12-17,2214.2576159332916
Rice,2023-12-18,2210.592519531037
Rice,2023-12-19,2216.014290735459
Rice,2023-12-20,2220.6950855722453
Rice,2023-12-21,2221.2322715612363
Rice,2023-12-22,2221.5506630107407
Rice,2023-12-23,2223.7668940952044
Rice,2023-12-24,2220.320081814179
Rice,2023-12-25,2220.4402077308355
Rice,2023-12-26,2211.830673552399
Rice,2023-12-27,2215.3364961344105
Rice,2023-12-28,2209.090523244643
Rice,2023-12-29,2215.1042025583592
Rice,2023-12-30,2213.7837221824934
Rice,2023-12-31,2212.9370542547686
Rice,2024-01-01,2210.4261186304307
Rice,2024-01-02,2209.273963134742
Rice,2024-01-03,2214.9480885153343
Rice,2024-01-04,2204.996853889194
Rice,2024-01-05,2210.104715433547
Rice,2024-01-06,2211.4568093579537
Rice,2024-01-07,2206.628722766525
Rice,2024-01-08,2202.327473194328
Rice,2024-01-09,2209.0330453031606
Rice,2024-01-10,2205.2510177833897
Rice,2024-01-11,2200.637615741006
Rice,2024-01-12,2205.186873910465
Rice,2024-01-13,2206.5410854156084
Rice,2024-01-14,2202.789383109463
Rice,2024-01-15,2203.655883011081
Rice,2024-01-16,2199.5528722765202
Rice,2024-01-17,2203.9561578702105
Rice,2024-01-18,2208.201641729703
Rice,2024-01-19,2210.329666524991
Rice,2024-01-20,2211.776310769979
Rice,2024-01-21,2218.8210632694486
Rice,2024-01-22,2218.8198085790013
Rice,2024-01-23,2214.092312077318
Rice,2024-01-24,2215.8902077286475
Rice,2024-01-25,2224.234395926796
Rice,2024-01-26,2220.1753579540527
Rice,2024-01-27,2218.729506887277
Rice,2024-01-28,2220.3952910396824
Rice,2024-01-29,2220.1796716436593
Rice,2024-01-30,2216.2504573221504
Rice,2024-01-31,2220.7378887470722
Rice,2024-02-01,2230.018051635141
Rice,2024-02-02,2230.802577471237
Rice,2024-02-03,2227.1863043122926
Rice,2024-02-04,2220.990462212079
Rice,2024-02-05,2222.0223661369637
Rice,2024-02-06,2226.4378755102284
Rice,2024-02-07,2228.3385464962103
Rice,2024-02-08,2228.3289311325348
Rice,2024-02-09,2225.9718445253775
Rice,2024-02-10,2221.603189994505
Rice,2024-02-11,2224.9421952998046
Rice,2024-02-12,2228.597281785347
Rice,2024-02-13,2222.414362638584
Rice,2024-02-14,2228.773718551307
Rice,2024-02-15,2231.070003434883
Rice,2024-02-16,2236.668382015466
Rice,2024-02-17,2231.2998710215256
Rice,2024-02-18,2225.836574399864
Rice,2024-02-19,2225.2406971607948
Rice,2024-02-20,2227.251834868375
Rice,2024-02-21,2234.437278160083
Rice,2024-02-22,2237.2615938153435
Rice,2024-02-23,2236.290868708096
Rice,2024-02-24,2232.185391877432
Rice,2024-02-25,2237.1053941683085
Rice,2024-02-26,2233.2465724653057
Rice,2024-02-27,2239.760446684395
Rice,2024-02-28,2238.622908085969
Rice,2024-02-29,2244.9852363764403
Rice,2024-03-01,2247.7009615366774
Rice,2024-03-02,2247.152979578908
Rice,2024-03-03,2245.0753940916034
Rice,2024-03-04,2243.711762582219
Rice,2024-03-05,2245.42502935172
Rice,2024-03-06,2245.733655336591
Rice,2024-03-07,2243.358409704316
Rice,2024-03-08,2242.6958840630455
Rice,2024-03-09,2243.010192181922
Rice,2024-03-10,2234.495255804263
Rice,2024-03-11,2236.3279282634176
Rice,2024-03-12,2232.40904336455
Rice,2024-03-13,2227.7957137517274
Rice,2024-03-14,2221.0463363632844
Rice,2024-03-15,2213.870766371813
Rice,2024-03-16,2208.4489763593638
Rice,2024-03-17,2205.6128925288417
Rice,2024-03-18,2213.4259290789482
Rice,2024-03-19,2211.3224103753673
Rice,2024-03-20,2212.0334108004395
Rice,2024-03-21,2213.6353363464646
Rice,2024-03-22,2214.159597091328
Rice,2024-03-23,2213.849823248424
Rice,2024-03-24,2209.068648194027
Rice,2024-03-25,2214.872358387144
Rice,2024-03-26,2222.1011449616954
Rice,2024-03-27,2215.3705101852047
Rice,2024-03-28,2211.2743958216593
Rice,2024-03-29,2210.1551544521512
Rice,2024-03-30,2206.29700327251
Rice,2024-03-31,2208.320865486334
Rice,2024-04-01,2205.4077766767073
Rice,2024-04-02,2214.068000947934
Rice,2024-04-03,2218.830195325308
Rice,2024-04-04,2219.680491447837
Rice,2024-04-05,2223.788436501116
Rice,2024-04-06,2228.212038198545
Rice,2024-04-07,2225.9562482463125
Rice,2024-04-08,2222.6913792681444
Rice,2024-04-09,2223.003951520023
Rice,2024-04-10,2226.4504960180147
Rice,2024-04-11,2227.0067376126285
Rice,2024-04-12,2220.6987516838644
Rice,2024-04-13,2217.487453908061
Rice,2024-04-14,2217.1915624536837
Rice,2024-04-15,2216.88890003638
Rice,2024-04-16,2224.7790687435395
Rice,2024-04-17,2219.2351169739436
Rice,2024-04-18,2221.257473941287
Rice,2024-04-19,2227.2139263746003
Rice,2024-04-20,2236.299725356291
Rice,2024-04-21,2234.6821356635555
Rice,2024-04-22,2236.6478534744365
Rice,2024-04-23,2238.9268949032307
Rice,2024-04-24,2239.708821829444
Rice,2024-04-25,2239.313441024487
Rice,2024-04-26,2241.057342582487
Rice,2024-04-27,2230.9283582416083
Rice,2024-04-28,2233.656636201859
Rice,2024-04-29,2234.161347816507
Rice,2024-04-30,2233.2714482293936
Rice,2024-05-01,2241.458897012272
Rice,2024-05-02,2238.7591609371098
Rice,2024-05-03,2237.1468569808494
Rice,2024-05-04,2245.1130701896686
Rice,2024-05-05,2241.784824970269
Rice,2024-05-06,2239.5843638385227
Rice,2024-05-07,2238.9962621447994
Rice,2024-05-08,2242.3592000733174
Rice,2024-05-09,2243.1904101027308
Rice,2024-05-10,2238.019908714122
Rice,2024-05-11,2235.8912344616133
Rice,2024-05-12,2233.4618167287645
Rice,2024-05-13,2233.152932547872
Rice,2024-05-14,2234.8563071823914
Rice,2024-05-15,2236.529130205943
Rice,2024-05-16,2229.42508318975
Rice,2024-05-17,2233.680847139993
Rice,2024-05-18,2234.6911225239796
Rice,2024-05-19,2240.229250714355
Rice,2024-05-20,2242.006044023518
Rice,2024-05-21,2246.411335854461
Rice,2024-05-22,2248.2775171002613
Rice,2024-05-23,2253.6624201250725
Rice,2024-05-24,2255.7514226691437
Rice,2024-05-25,2255.3597616833717
Rice,2024-05-26,2264.4495005651593
Rice,2024-05-27,2268.005649054279
Rice,2024-05-28,2270.3006267382966
Rice,2024-05-29,2265.1954090721433
Rice,2024-05-30,2260.0421786022894
Rice,2024-05-31,2261.2130405308567
Rice,2024-06-01,2261.7951253219294
Rice,2024-06-02,2259.338635061896
Rice,2024-06-03,2259.9025658603446
Rice,2024-06-04,2266.257073572519
Rice,2024-06-05,2269.03868347072
Rice,2024-06-06,2264.474649431709
Rice,2024-06-07,2264.0286141231372
Rice,2024-06-08,2260.8087481997272
Rice,2024-06-09,2259.257948534093
Rice,2024-06-10,2257.6034858715743
Rice,2024-06-11,2255.692903541158
Rice,2024-06-12,2250.672362053265
Rice,2024-06-13,2250.1617433271917
Rice,2024-06-14,2247.9193127798026
Rice,2024-06-15,2236.2015180197936
Rice,2024-06-16,2244.4134061178
Rice,2024-06-17,2248.768484734667
Rice,2024-06-18,2247.263281834967
Rice,2024-06-19,2247.3385580339295
Rice,2024-06-20,2242.651940644659
Rice,2024-06-21,2249.4348321559028
Rice,2024-06-22,2257.0239869349953
Rice,2024-06-23,2257.6507618479814
Rice,2024-06-24,2261.7448844247224
Rice,2024-06-25,2262.446031540458
Rice,2024-06-26,2257.0991297849546
Rice,2024-06-27,2255.4518363090997
Rice,2024-06-28,2255.9795481761876
Rice,2024-06-29,2254.161357301214
Rice,2024-06-30,2253.2867441914736
Rice,2024-07-01,2252.921145961437
Rice,2024-07-02,2252.5976319699753
Rice,2024-07-03,2252.806665931965
Rice,2024-07-04,2248.564245666379
Rice,2024-07-05,2245.696181069867
Rice,2024-07-06,2240.557844007067
Rice,2024-07-07,2244.4691062058123
Rice,2024-07-08,2236.0465184384507
Rice,2024-07-09,2240.6608798117186
Rice,2024-07-10,2246.20627740077
Rice,2024-07-11,2244.9975550528393
Rice,2024-07-12,2234.5850067015303
Rice,2024-07-13,2233.139764453661
Rice,2024-07-14,2232.8830278085056
Rice,2024-07-15,2228.84063492879
Rice,2024-07-16,2226.779761353557
Rice,2024-07-17,2232.9005421490106
Rice,2024-07-18,2235.5602507982176
Rice,2024-07-19,2231.861994340705
Rice,2024-07-20,2225.4715976623233
Rice,2024-07-21,2224.1635283918845
Rice,2024-07-22,2223.3097012744824
Rice,2024-07-23,2225.294498023936
Rice,2024-07-24,2223.153231173665
Rice,2024-07-25,2225.1992294751126
Rice,2024-07-26,2232.939845635354
Rice,2024-07-27,2236.2018497251306
Rice,2024-07-28,2236.009495695808
Rice,2024-07-29,2235.2768938115946
Rice,2024-07-30,2233.850201274875
Rice,2024-07-31,2238.5727649246837
Rice,2024-08-01,2236.0635111408783
Rice,2024-08-02,2236.244401976878
Rice,2024-08-03,2236.4491935844026
Rice,2024-08-04,2234.4420568131563
Rice,2024-08-05,2228.95219462162
Rice,2024-08-06,2230.2440926360905
Rice,2024-08-07,2230.000076748669
Rice,2024-08-08,2232.0010386264153
Rice,2024-08-09,2229.866637400659
Rice,2024-08-10,2234.749922595911
Rice,2024-08-11,2231.2428274710637
Rice,2024-08-12,2238.090988607135
Rice,2024-08-13,2231.100442567822
Rice,2024-08-14,2232.8395228260497
Rice,2024-08-15,2234.741245556156
Rice,2024-08-16,2231.5590172843927
Rice,2024-08-17,2233.256593035837
Rice,2024-08-18,2238.3746677148774
Rice,2024-08-19,2229.507392357461
Rice,2024-08-20,2231.5183715874246
Rice,2024-08-21,2221.545288306104
Rice,2024-08-22,2217.682629092011
Rice,2024-08-23,2224.199294551615
Rice,2024-08-24,2221.8721664180466
Rice,2024-08-25,2217.176646560411
Rice,2024-08-26,2216.384895644472
Rice,2024-08-27,2224.6565209971263
Rice,2024-08-28,2217.3297920083023
Rice,2024-08-29,2213.124552361745
Rice,2024-08-30,2219.114279094463
Rice,2024-08-31,2226.5450884686143
Rice,2024-09-01,2226.131363571453
Rice,2024-09-02,2221.1751527613465
Rice,2024-09-03,2229.5585267685833
Rice,2024-09-04,2235.93629633558
Rice,2024-09-05,2238.652084286629
Rice,2024-09-06,2235.402474890879
Rice,2024-09-07,2235.206357527527
Rice,2024-09-08,2234.5649172033477
Rice,2024-09-09,2235.8883224218102
Rice,2024-09-10,2241.6923281743357
Rice,2024-09-11,2245.209996338885
Rice,2024-09-12,2240.900492030946
Rice,2024-09-13,2246.4064778310244
Rice,2024-09-14,2247.6590063910767
Rice,2024-09-15,2250.4072695745126
Rice,2024-09-16,2256.273433011627
Rice,2024-09-17,2251.827112013573
Rice,2024-09-18,2251.6838096987467
Rice,2024-09-19,2249.55799149331
Rice,2024-09-20,2243.2865537918483
Rice,2024-09-21,2244.6733937022677
Rice,2024-09-22,2254.7196199086056
Rice,2024-09-23,2247.3593089305823
Rice,2024-09-24,2247.230186486385
Rice,2024-09-25,2249.7923582266835
Rice,2024-09-26,2250.2846710333083
Rice,2024-09-27,2249.8321588232457
Rice,2024-09-28,2244.635293369462
Rice,2024-09-29,2245.566440341223
Rice,2024-09-30,2242.5393844331593
Rice,2024-10-01,2233.779697613245
Rice,2024-10-02,2238.5580664953
Rice,2024-10-03,2242.391609774668
Rice,2024-10-04,2242.5982536820725
Rice,2024-10-05,2243.514552434895
Rice,2024-10-06,2247.8118244857574
Rice,2024-10-07,2248.7091831128696
Rice,2024-10-08,2252.325253331915
Rice,2024-10-09,2251.1353245284195
Rice,2024-10-10,2256.3832594827154
Rice,2024-10-11,2257.666402386446
Rice,2024-10-12,2258.4426101608697
Rice,2024-10-13,2253.3623658060214
Rice,2024-10-14,2254.5101892232283
Rice,2024-10-15,2251.1823695532503
Rice,2024-10-16,2248.6292386471364
Rice,2024-10-17,2245.367736133872
Rice,2024-10-18,2241.102796406275
Rice,2024-10-19,2249.601882018343
Rice,2024-10-20,2254.9272382662966
Rice,2024-10-21,2262.6087082748736
Rice,2024-10-22,2257.717128196651
Rice,2024-10-23,2258.002143196295
Rice,2024-10-24,2252.8281126954785
Rice,2024-10-25,2250.04533318669
Rice,2024-10-26,2246.372825253024
Rice,2024-10-27,2251.33116127879
Rice,2024-10-28,2249.7462425663834
Rice,2024-10-29,2254.0197599011594
Rice,2024-10-30,2256.436243459513
Rice,2024-10-31,2265.6507984679324
Rice,2024-11-01,2259.7330215753736
Rice,2024-11-02,2264.769954534521
Rice,2024-11-03,2269.355718016124
Rice,2024-11-04,2265.4622026640154
Rice,2024-11-05,2269.4907360099082
Rice,2024-11-06,2270.835315862013
Rice,2024-11-07,2269.9254108221994
Rice,2024-11-08,2266.6296688743114
Rice,2024-11-09,2263.7532310685147
Rice,2024-11-10,2271.9524794516583
Rice,2024-11-11,2271.9552107274885
Rice,2024-11-12,2275.083730733614
Rice,2024-11-13,2271.9201332069442
Rice,2024-11-14,2268.8007214220574
Rice,2024-11-15,2273.1286606590575
Rice,2024-11-16,2267.730355812851
Rice,2024-11-17,2266.06950074123
Rice,2024-11-18,2266.205610385519
Rice,2024-11-19,2266.6511007928793
Rice,2024-11-20,2265.9347276528147
Rice,2024-11-21,2267.518006777198
Rice,2024-11-22,2270.2894298004694
Rice,2024-11-23,2273.227979982307
Rice,2024-11-24,2269.2847647476356
Rice,2024-11-25,2268.1481443559205
Rice,2024-11-26,2272.927195803428
Rice,2024-11-27,2276.5057845537235
Rice,2024-11-28,2271.014346747799
Rice,2024-11-29,2272.4202663492083
Rice,2024-11-30,2264.507365351709
Rice,2024-12-01,2264.69510495995
Rice,2024-12-02,2272.286173026934
Rice,2024-12-03,2268.4946021578585
Rice,2024-12-04,2265.157309975892
Rice,2024-12-05,2268.2134291021835
Rice,2024-12-06,2262.0422230413446
Rice,2024-12-07,2259.511202921805
Rice,2024-12-08,2261.8969674721316
Rice,2024-12-09,2259.359824081374
Rice,2024-12-10,2258.41594413253
Rice,2024-12-11,2261.39268697379
Rice,2024-12-12,2263.0788713079364
Rice,2024-12-13,2264.146144893118
Rice,2024-12-14,2262.789655776038
Rice,2024-12-15,2264.2699002371137
Rice,2024-12-16,2263.774969516715
Rice,2024-12-17,2265.606191956418
Rice,2024-12-18,2263.618463855946
Rice,2024-12-19,2262.888187958428
Rice,2024-12-20,2258.92835678822
Rice,2024-12-21,2258.788326348195
Rice,2024-12-22,2255.5443228936797
Rice,2024-12-23,2251.0881370930315
Rice,2024-12-24,2252.122781684453
Rice,2024-12-25,2252.973740787884
Rice,2024-12-26,2256.105235727678
Rice,2024-12-27,2254.3807334493777
Rice,2024-12-28,2256.0129448367247
Rice,2024-12-29,2258.216135125819
Rice,2024-12-30,2259.995230357146
Rice,2024-12-31,2256.692615625937
